Location,pH,TDS,Turbidity,Status
Addanki,7.2,430,3.4,SAFE
Adoni,8.2,540,5.3,UNSAFE
Akkayapalle,7.1,420,3.1,SAFE
Alur,6.4,610,6.2,UNSAFE
Amadalavalasa,7.3,480,4.0,SAFE
Amalapuram,6.3,630,6.4,UNSAFE
Anakapalle,7.2,430,3.4,SAFE
Anantapur,8.3,520,5.1,UNSAFE
Anaparthi,7.0,460,4.3,SAFE
Annamayya,7.1,410,3.2,SAFE
Atchutapuram,6.6,530,5.2,UNSAFE
Atmakur,7.4,390,2.9,SAFE
Badvel,6.2,620,6.5,UNSAFE
Bapatla,6.4,610,6.2,UNSAFE
Bheemunipatnam,7.5,420,3.6,SAFE
Bobbili,7.0,470,4.2,SAFE
Chilakaluripet,6.5,540,5.7,UNSAFE
Chimakurthy,7.2,450,3.7,SAFE
Chintalapudi,6.3,640,6.8,UNSAFE
Chirala,7.4,410,3.3,SAFE
Chittoor,7.4,460,4.0,SAFE
Dharmavaram,8.0,560,5.4,UNSAFE
Dhone,7.3,420,3.0,SAFE
Dowlaiswaram,6.2,610,6.1,UNSAFE
Eluru,7.0,480,4.3,SAFE
Etcherla,6.4,650,6.9,UNSAFE
Gajapathinagaram,7.2,430,3.4,SAFE
Gannavaram,7.1,460,3.8,SAFE
Giddalur,6.3,620,6.2,UNSAFE
Gooty,7.5,400,2.8,SAFE
Gudivada,6.7,520,4.9,UNSAFE
Gudlavalleru,7.2,440,3.5,SAFE
Gudupalle,6.1,670,7.0,UNSAFE
Gudur,7.3,420,3.2,SAFE
Guntur,7.5,420,3.5,SAFE
Hindupur,8.1,550,5.3,UNSAFE
Ichchapuram,6.6,530,5.1,UNSAFE
Jaggaiahpet,7.2,460,4.0,SAFE
Jammalamadugu,7.0,480,4.2,SAFE
Kadapa,6.4,610,6.3,UNSAFE
Kadiri,7.3,420,3.3,SAFE
Kakinada,6.8,510,4.8,UNSAFE
Kalyandurg,7.1,450,3.7,SAFE
Kandukur,6.2,640,6.6,UNSAFE
Kanigiri,7.4,400,2.9,SAFE
Kavali,6.5,540,5.6,UNSAFE
Kondapalli,7.2,430,3.4,SAFE
Kothapeta,6.3,620,6.5,UNSAFE
Kovvur,7.0,470,4.1,SAFE
Krishna,7.2,450,3.7,SAFE
Kuppam,7.4,390,2.7,SAFE
Kurnool,8.1,560,5.4,UNSAFE
Macherla,7.3,420,3.1,SAFE
Machilipatnam,6.6,530,5.2,UNSAFE
Madanapalle,7.5,410,3.0,SAFE
Mandapeta,7.0,480,4.3,SAFE
Mangalagiri,7.2,460,3.8,SAFE
Markapur,6.3,630,6.4,UNSAFE
Medarametla,7.1,440,3.5,SAFE
Mydukur,6.2,610,6.0,UNSAFE
Nandyal,7.3,390,2.8,SAFE
Narasapuram,6.5,540,5.7,UNSAFE
Narasaraopet,7.2,450,3.6,SAFE
Narsipatnam,6.3,620,6.2,UNSAFE
Nellore,6.6,530,5.2,UNSAFE
Nidadavole,7.4,420,3.4,SAFE
Nuzvid,7.1,460,3.9,SAFE
Ongole,7.6,440,3.0,SAFE
Paderu,6.1,650,6.9,UNSAFE
Palakollu,7.2,430,3.4,SAFE
Palasa,6.4,610,6.1,UNSAFE
Palnadu,7.0,470,4.1,SAFE
Pamarru,7.3,420,3.2,SAFE
Parvathipuram,6.2,620,6.5,UNSAFE
Pedana,7.4,410,3.3,SAFE
Peddapuram,7.0,480,4.2,SAFE
Penukonda,7.2,440,3.5,SAFE
Piduguralla,6.3,630,6.4,UNSAFE
Pithapuram,7.5,400,2.9,SAFE
Podili,6.2,610,6.1,UNSAFE
Prakasam,7.6,440,3.0,SAFE
Proddatur,8.0,550,5.2,UNSAFE
Pulivendula,7.3,420,3.1,SAFE
Punganur,6.5,540,5.7,UNSAFE
Puttur,7.2,450,3.6,SAFE
Rajahmundry,7.4,420,3.3,SAFE
Rajam,6.3,630,6.6,UNSAFE
Rajampet,7.1,460,3.8,SAFE
Ramachandrapuram,7.2,440,3.4,SAFE
Rayachoti,6.4,610,6.2,UNSAFE
Rayadurg,7.3,420,3.0,SAFE
Renigunta,7.0,480,4.1,SAFE
Repalle,6.2,620,6.5,UNSAFE
Sattenapalle,7.4,390,2.8,SAFE
Srikakulam,6.5,540,5.7,UNSAFE
Sri Sathya Sai,7.4,400,3.1,SAFE
Srisailam,7.1,430,3.5,SAFE
Sullurpeta,6.3,630,6.4,UNSAFE
Tadepalligudem,7.2,450,3.7,SAFE
Tadipatri,8.2,560,5.3,UNSAFE
Tanuku,7.3,420,3.2,SAFE
Tenali,7.1,460,3.8,SAFE
Tirupati,7.1,460,3.9,SAFE
Tuni,6.4,610,6.3,UNSAFE
Vijayawada,7.4,420,3.4,SAFE
Vinukonda,6.2,620,6.6,UNSAFE
Visakhapatnam,7.3,420,3.3,SAFE
Vizianagaram,6.5,540,5.6,UNSAFE
Yemmiganur,7.2,450,3.7,SAFE
Yerraguntla,6.3,630,6.4,UNSAFE
Along,7.2,420,3.2,SAFE
Anini,6.3,610,6.4,UNSAFE
Aalo,7.1,450,3.8,SAFE
Balijan,6.5,540,5.6,UNSAFE
Basar,7.3,430,3.5,SAFE
Basar West,6.2,620,6.8,UNSAFE
Bhalukpong,7.4,390,2.9,SAFE
Banderdewa,6.6,530,5.1,UNSAFE
Bomdila,7.0,470,4.2,SAFE
Boleng,6.4,600,6.0,UNSAFE
Changlang,7.2,440,3.6,SAFE
Chayang Tajo,6.3,640,6.9,UNSAFE
Chimpu,7.3,420,3.3,SAFE
Daporijo,6.5,540,5.7,UNSAFE
Deomali,7.4,410,3.1,SAFE
Dirang,7.1,460,3.9,SAFE
Dumporijo,6.2,630,6.5,UNSAFE
Geku,7.2,450,3.4,SAFE
Hayuliang,6.3,610,6.2,UNSAFE
Itanagar,7.5,420,3.2,SAFE
Jairampur,6.4,600,6.0,UNSAFE
Jang,7.3,430,3.5,SAFE
Kamba,6.2,620,6.7,UNSAFE
Kanubari,7.4,400,2.8,SAFE
Khonsa,6.5,540,5.6,UNSAFE
Koloriang,7.2,450,3.7,SAFE
Kimin,6.3,630,6.4,UNSAFE
Likabali,7.1,460,3.8,SAFE
Lohit,6.4,610,6.1,UNSAFE
Longding,7.3,420,3.3,SAFE
Lumla,6.2,620,6.8,UNSAFE
Mahadevpur,7.2,440,3.6,SAFE
Mariyang,6.3,610,6.2,UNSAFE
Mechuka,7.4,390,2.7,SAFE
Mebo,7.0,470,4.1,SAFE
Miao,6.4,600,6.0,UNSAFE
Naharlagun,7.3,420,3.2,SAFE
Namsai,6.5,540,5.7,UNSAFE
Namsing,7.1,450,3.5,SAFE
Nari,6.2,620,6.6,UNSAFE
Nirjuli,7.4,410,3.0,SAFE
Nyapin,6.3,630,6.4,UNSAFE
Pangin,7.2,440,3.6,SAFE
Papum Pare,6.4,610,6.1,UNSAFE
Pasighat,7.3,420,3.3,SAFE
Pistana,6.5,540,5.6,UNSAFE
Roing,7.1,460,3.9,SAFE
Raga,6.2,620,6.5,UNSAFE
Ruksin,7.4,400,2.8,SAFE
Sangram,6.3,630,6.3,UNSAFE
Seijosa,7.2,440,3.7,SAFE
Seppa,6.4,600,6.0,UNSAFE
Siang,7.3,420,3.1,SAFE
Sille,6.5,540,5.7,UNSAFE
Tali,7.1,450,3.6,SAFE
Tawang,7.4,390,2.9,SAFE
Tezu,6.3,610,6.4,UNSAFE
Tirap,7.2,440,3.5,SAFE
Tuting,6.2,630,6.7,UNSAFE
Wakro,7.3,420,3.2,SAFE
Yachuli,6.4,600,6.0,UNSAFE
Yazali,7.2,450,3.8,SAFE
Ziro,7.5,410,3.0,SAFE
Ziro Valley,6.5,540,5.6,UNSAFE
Anjaw,7.1,460,3.9,SAFE
Bordumsa,6.3,620,6.2,UNSAFE
Chowkham,7.2,440,3.4,SAFE
Dibang Valley,6.4,610,6.1,UNSAFE
East Kameng,7.3,420,3.3,SAFE
East Siang,6.5,540,5.7,UNSAFE
Kamle,7.1,450,3.5,SAFE
Kra Daadi,6.2,630,6.6,UNSAFE
Kurung Kumey,7.2,440,3.7,SAFE
Leparada,6.3,620,6.4,UNSAFE
Lepa Rada,7.4,390,2.8,SAFE
Lohit Valley,6.5,540,5.6,UNSAFE
Lower Dibang Valley,7.2,450,3.6,SAFE
Lower Siang,6.4,610,6.0,UNSAFE
Lower Subansiri,7.3,420,3.2,SAFE
Namsai Valley,6.5,540,5.7,UNSAFE
Pakke Kessang,7.2,440,3.5,SAFE
Shi Yomi,6.3,630,6.3,UNSAFE
Siang Valley,7.1,460,3.9,SAFE
Tawang Valley,7.4,400,2.9,SAFE
Upper Siang,6.4,610,6.2,UNSAFE
Upper Subansiri,7.2,440,3.6,SAFE
West Kameng,6.5,540,5.7,UNSAFE
West Siang,7.3,420,3.3,SAFE
Yingkiong,6.3,620,6.4,UNSAFE
Zemithang,7.4,390,2.7,SAFE
Changlang South,6.4,610,6.0,UNSAFE
Dirang Valley,7.2,450,3.5,SAFE
Itanagar Rural,6.5,540,5.6,UNSAFE
Khonsa West,7.3,420,3.1,SAFE
Pasighat Rural,6.4,610,6.2,UNSAFE
Roing Valley,7.2,440,3.6,SAFE
Seppa East,6.3,630,6.4,UNSAFE
Tawang Rural,7.4,390,2.9,SAFE
Tezu Rural,6.5,540,5.7,UNSAFE
Ziro East,7.3,420,3.3,SAFE
Ziro West,6.4,610,6.1,UNSAFE
Abhayapuri,7.2,430,3.4,SAFE
Amguri,6.4,610,6.2,UNSAFE
Amingaon,7.3,420,3.2,SAFE
Barama,6.5,540,5.6,UNSAFE
Barpeta,7.1,460,3.8,SAFE
Barpeta Road,6.3,620,6.4,UNSAFE
Basugaon,7.4,400,2.9,SAFE
Beltola,7.0,480,4.2,SAFE
Bhergaon,6.2,630,6.7,UNSAFE
Bihpuria,7.3,420,3.1,SAFE
Bijni,6.4,600,6.0,UNSAFE
Bilasipara,7.2,450,3.6,SAFE
Biswanath,6.5,540,5.7,UNSAFE
Biswanath Chariali,7.1,460,3.9,SAFE
Bokajan,6.3,610,6.3,UNSAFE
Bokakhat,7.4,390,2.8,SAFE
Bongaigaon,7.0,470,4.1,SAFE
Chabua,6.2,620,6.5,UNSAFE
Changsari,7.3,420,3.3,SAFE
Chapakhowa,6.4,610,6.2,UNSAFE
Charaideo,7.2,440,3.5,SAFE
Darrang,6.5,540,5.6,UNSAFE
Dergaon,7.1,450,3.7,SAFE
Dhemaji,6.3,630,6.4,UNSAFE
Dhekiajuli,7.4,410,3.0,SAFE
Dhubri,6.2,650,6.9,UNSAFE
Dibrugarh,7.3,420,3.2,SAFE
Digboi,6.4,600,6.1,UNSAFE
Diphu,7.2,450,3.6,SAFE
Dispur,7.5,420,3.3,SAFE
Doboka,6.3,620,6.4,UNSAFE
Doom Dooma,7.1,460,3.8,SAFE
Dudhnoi,6.4,610,6.0,UNSAFE
Duliajan,7.2,440,3.5,SAFE
Goalpara,6.5,540,5.7,UNSAFE
Gohpur,7.3,420,3.1,SAFE
Golaghat,7.1,460,3.9,SAFE
Goreswar,6.2,630,6.6,UNSAFE
Guwahati,7.4,420,3.4,SAFE
Haflong,6.3,610,6.2,UNSAFE
Hailakandi,7.2,450,3.7,SAFE
Hajo,6.5,540,5.6,UNSAFE
Hamren,7.3,420,3.2,SAFE
Hatsingimari,6.4,600,6.0,UNSAFE
Hojai,7.1,460,3.8,SAFE
Howraghat,6.3,620,6.3,UNSAFE
Jagiroad,7.2,440,3.5,SAFE
Jalukbari,7.0,470,4.1,SAFE
Jamugurihat,6.4,610,6.1,UNSAFE
Jorhat,7.4,390,2.9,SAFE
Kalgachia,6.3,630,6.5,UNSAFE
Kaliabor,7.2,450,3.6,SAFE
Kamrup,6.5,540,5.7,UNSAFE
Karbi Anglong,7.3,420,3.3,SAFE
Karimganj,6.4,600,6.0,UNSAFE
Kharupetia,7.1,460,3.8,SAFE
Kokrajhar,7.3,420,3.1,SAFE
Lakhimpur,6.2,620,6.6,UNSAFE
Lakhipur,7.2,440,3.4,SAFE
Lala,6.5,540,5.6,UNSAFE
Lumding,7.3,420,3.2,SAFE
Majuli,6.4,610,6.2,UNSAFE
Mangaldoi,7.1,460,3.9,SAFE
Margherita,6.3,630,6.4,UNSAFE
Mariani,7.2,440,3.5,SAFE
Morigaon,6.5,540,5.7,UNSAFE
Nagaon,7.3,420,3.3,SAFE
Nalbari,7.1,460,3.8,SAFE
Nazira,6.3,620,6.3,UNSAFE
North Lakhimpur,7.4,400,2.8,SAFE
Pathsala,6.4,610,6.0,UNSAFE
Raha,7.2,450,3.6,SAFE
Rangapara,6.5,540,5.6,UNSAFE
Rangia,7.3,420,3.1,SAFE
Sadiya,6.3,630,6.4,UNSAFE
Sarthebari,7.2,440,3.5,SAFE
Silapathar,6.4,610,6.1,UNSAFE
Silchar,7.4,420,3.3,SAFE
Sivasagar,7.1,460,3.9,SAFE
Sonari,6.5,540,5.7,UNSAFE
Sonitpur,7.3,420,3.2,SAFE
Sorbhog,6.4,600,6.0,UNSAFE
Tamulpur,7.2,450,3.7,SAFE
Teok,6.3,620,6.4,UNSAFE
Tezpur,7.4,390,2.9,SAFE
Tihu,6.5,540,5.6,UNSAFE
Tinsukia,7.3,420,3.3,SAFE
Udalguri,6.4,610,6.1,UNSAFE
Udharbond,7.2,440,3.5,SAFE
West Karbi Anglong,6.5,540,5.7,UNSAFE
Bajali,7.1,460,3.8,SAFE
Biswanath Ghat,6.3,630,6.5,UNSAFE
Bongaigaon Rural,7.2,440,3.6,SAFE
Dibrugarh Rural,6.4,610,6.0,UNSAFE
Goalpara Rural,7.3,420,3.1,SAFE
Golaghat Rural,6.5,540,5.6,UNSAFE
Guwahati Rural,7.4,390,2.8,SAFE
Jorhat Rural,6.4,610,6.2,UNSAFE
Karimganj Rural,7.2,450,3.7,SAFE
Nagaon Rural,6.3,620,6.4,UNSAFE
Silchar Rural,7.3,420,3.3,SAFE
Tezpur Rural,6.5,540,5.7,UNSAFE
Tinsukia Rural,7.2,440,3.5,SAFE
Udalguri Rural,6.4,610,6.1,UNSAFE
Araria,6.3,620,6.4,UNSAFE
Arrah,7.2,440,3.6,SAFE
Arwal,6.5,540,5.7,UNSAFE
Aurangabad,7.3,420,3.1,SAFE
Banka,6.4,610,6.2,UNSAFE
Begusarai,7.1,460,3.8,SAFE
Bettiah,6.2,630,6.5,UNSAFE
Bhabua,7.4,390,2.9,SAFE
Bhagalpur,6.6,520,4.9,UNSAFE
Bhojpur,7.3,420,3.3,SAFE
Bihar Sharif,6.4,600,6.0,UNSAFE
Buxar,7.2,450,3.7,SAFE
Chhapra,6.3,610,6.1,UNSAFE
Darbhanga,7.4,420,3.4,SAFE
Dehri,7.0,480,4.2,SAFE
East Champaran,6.2,640,6.8,UNSAFE
Gaya,7.3,420,3.2,SAFE
Gopalganj,6.4,610,6.1,UNSAFE
Hajipur,7.1,460,3.9,SAFE
Jamui,6.3,630,6.4,UNSAFE
Jehanabad,7.2,440,3.5,SAFE
Kaimur,6.5,540,5.6,UNSAFE
Katihar,6.4,600,6.0,UNSAFE
Khagaria,7.3,420,3.3,SAFE
Kishanganj,6.2,650,6.9,UNSAFE
Lakhisarai,7.1,460,3.8,SAFE
Madhepura,6.3,620,6.2,UNSAFE
Madhubani,7.4,400,2.8,SAFE
Maharajganj,6.5,540,5.7,UNSAFE
Munger,7.2,440,3.6,SAFE
Muzaffarpur,6.4,610,6.1,UNSAFE
Nalanda,7.3,420,3.2,SAFE
Nawada,6.3,630,6.4,UNSAFE
Patna,7.4,420,3.4,SAFE
Purnia,6.5,540,5.6,UNSAFE
Rohtas,7.2,450,3.7,SAFE
Saharsa,6.4,610,6.0,UNSAFE
Samastipur,7.3,420,3.3,SAFE
Saran,6.5,540,5.7,UNSAFE
Sheikhpura,7.1,460,3.8,SAFE
Sheohar,6.3,620,6.3,UNSAFE
Sitamarhi,7.4,390,2.9,SAFE
Siwan,6.4,600,6.0,UNSAFE
Supaul,7.2,440,3.5,SAFE
Vaishali,6.5,540,5.6,UNSAFE
West Champaran,7.3,420,3.1,SAFE
Bagaha,6.4,610,6.2,UNSAFE
Barh,7.1,460,3.9,SAFE
Baruni,6.3,630,6.4,UNSAFE
Bikramganj,7.2,440,3.6,SAFE
Dalsinghsarai,6.5,540,5.7,UNSAFE
Danapur,7.3,420,3.2,SAFE
Dumraon,6.4,600,6.0,UNSAFE
Forbesganj,7.2,450,3.7,SAFE
Hilsa,6.3,620,6.3,UNSAFE
Islampur,7.4,400,2.8,SAFE
Jamalpur,6.4,610,6.1,UNSAFE
Jhanjharpur,7.3,420,3.3,SAFE
Jogbani,6.5,540,5.6,UNSAFE
Kahalgaon,7.1,460,3.8,SAFE
Kasba,6.3,630,6.5,UNSAFE
Khusrupur,7.2,440,3.5,SAFE
Lalganj,6.4,600,6.0,UNSAFE
Maner,7.3,420,3.1,SAFE
Marhaura,6.5,540,5.7,UNSAFE
Masaurhi,7.2,450,3.6,SAFE
Mokama,6.3,620,6.4,UNSAFE
Motihari,7.4,390,2.9,SAFE
Naugachhia,6.4,610,6.1,UNSAFE
Nokha,7.3,420,3.3,SAFE
Pakribarawan,6.5,540,5.6,UNSAFE
Phulwari Sharif,7.1,460,3.8,SAFE
Raxaul,6.2,650,6.8,UNSAFE
Rosera,7.2,440,3.5,SAFE
Sasaram,6.4,610,6.0,UNSAFE
Sherghati,7.3,420,3.2,SAFE
Simri Bakhtiyarpur,6.5,540,5.7,UNSAFE
Sonepur,7.1,460,3.9,SAFE
Teghra,6.3,630,6.4,UNSAFE
Warisaliganj,7.2,440,3.6,SAFE
Banka Rural,6.4,610,6.1,UNSAFE
Begusarai Rural,7.3,420,3.3,SAFE
Bhagalpur Rural,6.5,540,5.6,UNSAFE
Darbhanga Rural,7.4,390,2.8,SAFE
Gaya Rural,6.3,620,6.4,UNSAFE
Gopalganj Rural,7.2,450,3.7,SAFE
Katihar Rural,6.4,600,6.0,UNSAFE
Muzaffarpur Rural,7.3,420,3.1,SAFE
Nalanda Rural,6.5,540,5.7,UNSAFE
Patna Rural,7.4,400,2.9,SAFE
Purnia Rural,6.3,630,6.5,UNSAFE
Rohtas Rural,7.2,440,3.6,SAFE
Saharsa Rural,6.4,610,6.2,UNSAFE
Samastipur Rural,7.3,420,3.3,SAFE
Sitamarhi Rural,6.5,540,5.6,UNSAFE
Siwan Rural,7.2,450,3.7,SAFE
Vaishali Rural,6.4,610,6.1,UNSAFE
West Champaran Rural,7.3,420,3.2,SAFE
East Champaran Rural,6.5,540,5.7,UNSAFE
Ambagarh Chowki,7.2,440,3.5,SAFE
Ambikapur,6.4,610,6.2,UNSAFE
Antagarh,7.3,420,3.2,SAFE
Arang,6.5,540,5.6,UNSAFE
Bacheli,7.4,390,2.9,SAFE
Bagbahara,6.3,620,6.4,UNSAFE
Bagicha,7.1,460,3.8,SAFE
Baikunthpur,6.4,600,6.0,UNSAFE
Balod,7.3,420,3.3,SAFE
Baloda,6.5,540,5.7,UNSAFE
Baloda Bazar,7.2,450,3.6,SAFE
Balrampur,6.3,630,6.5,UNSAFE
Bastar,7.4,410,3.0,SAFE
Bemetara,6.4,610,6.1,UNSAFE
Berla,7.2,440,3.4,SAFE
Bhairamgarh,6.3,620,6.3,UNSAFE
Bharatpur,7.3,420,3.2,SAFE
Bhatapara,6.5,540,5.6,UNSAFE
Bhilai,7.4,420,3.4,SAFE
Bijapur,6.2,650,6.9,UNSAFE
Bilaigarh,7.1,460,3.8,SAFE
Bilaspur,7.3,420,3.3,SAFE
Bodla,6.4,600,6.0,UNSAFE
Champa,7.2,450,3.7,SAFE
Charama,6.5,540,5.7,UNSAFE
Chhura,7.3,420,3.1,SAFE
Chhuikhadan,6.3,620,6.4,UNSAFE
Chirmiri,7.4,390,2.8,SAFE
Dallirajhara,6.4,610,6.2,UNSAFE
Dantewada,7.2,440,3.5,SAFE
Daundi,6.3,630,6.6,UNSAFE
Daundilohara,7.1,460,3.9,SAFE
Deobhog,6.5,540,5.6,UNSAFE
Dhamdha,7.3,420,3.2,SAFE
Dhamtari,7.4,420,3.3,SAFE
Dharamjaigarh,6.4,610,6.1,UNSAFE
Dongargaon,7.2,450,3.6,SAFE
Dongargarh,6.5,540,5.7,UNSAFE
Dornapal,7.1,460,3.8,SAFE
Durg,7.3,420,3.1,SAFE
Gariaband,6.4,600,6.0,UNSAFE
Gaurela,7.2,440,3.5,SAFE
Geedam,6.3,620,6.4,UNSAFE
Gharghoda,7.3,420,3.3,SAFE
Gidam,6.5,540,5.6,UNSAFE
Gunderdehi,7.1,460,3.9,SAFE
Jagdalpur,7.4,400,2.9,SAFE
Jaijaipur,6.3,630,6.5,UNSAFE
Janjgir,7.2,450,3.7,SAFE
Jashpur,6.4,610,6.1,UNSAFE
Kanker,7.3,420,3.2,SAFE
Kansabel,6.5,540,5.7,UNSAFE
Kartala,7.2,440,3.6,SAFE
Kasdol,6.3,620,6.3,UNSAFE
Katghora,7.4,390,2.8,SAFE
Kawardha,7.1,460,3.8,SAFE
Keshkal,6.4,600,6.0,UNSAFE
Khairagarh,7.3,420,3.3,SAFE
Kharora,6.5,540,5.6,UNSAFE
Kharsia,7.2,450,3.5,SAFE
Kondagaon,6.3,630,6.4,UNSAFE
Korba,7.4,420,3.4,SAFE
Korea,6.4,610,6.1,UNSAFE
Kota,7.1,460,3.8,SAFE
Kunkuri,6.5,540,5.7,UNSAFE
Kurud,7.3,420,3.2,SAFE
Lailunga,6.3,620,6.5,UNSAFE
Lormi,7.2,440,3.6,SAFE
Mahasamund,6.4,610,6.0,UNSAFE
Mainpat,7.4,390,2.7,SAFE
Malkharoda,6.5,540,5.6,UNSAFE
Manendragarh,7.2,450,3.7,SAFE
Marwahi,6.3,630,6.4,UNSAFE
Mungeli,7.3,420,3.3,SAFE
Narayanpur,6.4,600,6.1,UNSAFE
Nawagarh,7.2,440,3.5,SAFE
Pakhanjur,6.5,540,5.7,UNSAFE
Palari,7.1,460,3.9,SAFE
Pali,6.3,620,6.3,UNSAFE
Pandariya,7.4,400,2.9,SAFE
Pathalgaon,6.4,610,6.2,UNSAFE
Pendra,7.2,450,3.6,SAFE
Pithora,6.5,540,5.6,UNSAFE
Pratappur,7.3,420,3.1,SAFE
Raigarh,7.4,420,3.4,SAFE
Raipur,7.3,420,3.3,SAFE
Rajim,6.4,600,6.0,UNSAFE
Rajnandgaon,7.2,450,3.7,SAFE
Ramanujganj,6.3,630,6.5,UNSAFE
Sakti,7.3,420,3.2,SAFE
Saraipali,6.5,540,5.7,UNSAFE
Shivrinagar,7.2,440,3.5,SAFE
Simga,6.4,610,6.1,UNSAFE
Surajpur,7.3,420,3.3,SAFE
Surguja,6.5,540,5.6,UNSAFE
Takhatpur,7.2,450,3.6,SAFE
Tamnar,6.3,620,6.4,UNSAFE
Tilda,7.4,390,2.8,SAFE
Udaipur,6.4,610,6.2,UNSAFE
Wadrafnagar,7.2,440,3.5,SAFE
Aldona,7.2,440,3.5,SAFE
Anjuna,6.4,610,6.2,UNSAFE
Arambol,7.3,420,3.2,SAFE
Assagao,7.1,460,3.8,SAFE
Bambolim,6.5,540,5.6,UNSAFE
Bandora,7.4,390,2.9,SAFE
Benaulim,7.2,450,3.6,SAFE
Betalbatim,6.3,620,6.4,UNSAFE
Betim,7.3,420,3.3,SAFE
Bicholim,7.1,460,3.9,SAFE
Borim,6.4,600,6.0,UNSAFE
Calangute,7.4,420,3.4,SAFE
Canca,6.5,540,5.7,UNSAFE
Candolim,7.3,420,3.1,SAFE
Cansaulim,7.2,440,3.5,SAFE
Caranzalem,6.4,610,6.1,UNSAFE
Cavelossim,7.4,400,2.8,SAFE
Chicalim,6.3,630,6.5,UNSAFE
Chimbel,7.2,450,3.7,SAFE
Chinchinim,6.5,540,5.6,UNSAFE
Colva,7.3,420,3.2,SAFE
Colvale,6.4,610,6.0,UNSAFE
Cortalim,7.1,460,3.8,SAFE
Cuncolim,6.5,540,5.7,UNSAFE
Curchorem,7.3,420,3.3,SAFE
Curti,6.4,600,6.0,UNSAFE
Dabolim,7.2,450,3.6,SAFE
Davorlim,6.3,620,6.3,UNSAFE
Dona Paula,7.4,390,2.9,SAFE
Guirim,7.1,460,3.8,SAFE
Mapusa,7.3,420,3.1,SAFE
Margao,7.4,420,3.4,SAFE
Mandrem,6.4,610,6.2,UNSAFE
Marcaim,7.2,440,3.5,SAFE
Maem,6.5,540,5.6,UNSAFE
Mayem,7.1,460,3.9,SAFE
Mormugao,7.3,420,3.2,SAFE
Morjim,6.4,600,6.1,UNSAFE
Navelim,7.2,450,3.6,SAFE
Nerul,6.5,540,5.7,UNSAFE
Pale,7.3,420,3.3,SAFE
Panaji,7.4,420,3.4,SAFE
Panjim,7.3,420,3.2,SAFE
Pernem,6.4,610,6.0,UNSAFE
Pilerne,7.2,440,3.5,SAFE
Ponda,7.1,460,3.8,SAFE
Porvorim,7.3,420,3.1,SAFE
Quepem,6.5,540,5.6,UNSAFE
Raia,7.2,450,3.7,SAFE
Ribandar,6.4,600,6.0,UNSAFE
Saligao,7.4,390,2.8,SAFE
Sancoale,6.3,630,6.5,UNSAFE
Sanguem,7.2,440,3.6,SAFE
Sanquelim,7.3,420,3.3,SAFE
Siolim,6.5,540,5.7,UNSAFE
Taleigao,7.4,400,2.9,SAFE
Tivim,6.4,610,6.2,UNSAFE
Usgao,7.2,450,3.6,SAFE
Vagator,6.5,540,5.6,UNSAFE
Valpoi,7.3,420,3.1,SAFE
Varca,7.2,440,3.5,SAFE
Vasco da Gama,7.4,420,3.4,SAFE
Velha Goa,6.4,600,6.1,UNSAFE
Verna,7.3,420,3.2,SAFE
Zuarinagar,6.5,540,5.7,UNSAFE
Aldona North,7.2,450,3.6,SAFE
Anjuna Beach,6.4,610,6.0,UNSAFE
Arpora,7.3,420,3.3,SAFE
Baga,7.4,390,2.8,SAFE
Benaulim Beach,6.5,540,5.7,UNSAFE
Calangute Beach,7.3,420,3.2,SAFE
Candolim Beach,7.2,440,3.5,SAFE
Colva Beach,6.4,610,6.2,UNSAFE
Dabolim Airport Area,7.4,400,2.9,SAFE
Dona Paula Beach,6.5,540,5.6,UNSAFE
Morjim Beach,7.3,420,3.3,SAFE
Palolem,7.4,420,3.4,SAFE
Palolem Beach,6.4,610,6.1,UNSAFE
Patnem,7.2,450,3.6,SAFE
Patnem Beach,6.5,540,5.7,UNSAFE
Sinquerim,7.3,420,3.1,SAFE
Sinquerim Beach,6.4,600,6.0,UNSAFE
Agonda,7.2,440,3.5,SAFE
Agonda Beach,6.5,540,5.6,UNSAFE
Canacona,7.3,420,3.2,SAFE
Canacona Rural,6.4,610,6.2,UNSAFE
Mapusa Rural,7.2,450,3.6,SAFE
Margao Rural,6.5,540,5.7,UNSAFE
Ponda Rural,7.3,420,3.3,SAFE
Panaji Rural,6.4,600,6.0,UNSAFE
Quepem Rural,7.2,440,3.5,SAFE
Sanguem Rural,6.5,540,5.6,UNSAFE
Bicholim Rural,7.3,420,3.1,SAFE
Pernem Rural,6.4,610,6.2,UNSAFE
Salcete,7.4,400,2.9,SAFE
Bardez,6.5,540,5.7,UNSAFE
Tiswadi,7.3,420,3.3,SAFE
Mormugao Port Area,6.4,610,6.1,UNSAFE
Old Goa Area,7.2,450,3.6,SAFE
New Goa Township,6.5,540,5.6,UNSAFE
Location,pH,TDS,Turbidity,Status
Ahmedabad,7.4,420,3.3,SAFE
Amreli,6.4,610,6.2,UNSAFE
Anand,7.2,450,3.6,SAFE
Anjar,6.5,540,5.7,UNSAFE
Ankleshwar,7.3,420,3.2,SAFE
Aravalli,6.3,620,6.4,UNSAFE
Babra,7.1,460,3.8,SAFE
Bagasara,6.5,540,5.6,UNSAFE
Balasinor,7.2,440,3.5,SAFE
Banaskantha,6.4,600,6.0,UNSAFE
Bardoli,7.3,420,3.1,SAFE
Bavla,6.5,540,5.7,UNSAFE
Bayad,7.2,450,3.6,SAFE
Bharuch,7.4,390,2.9,SAFE
Bhavnagar,7.3,420,3.4,SAFE
Bhesan,6.4,610,6.1,UNSAFE
Bhuj,7.2,440,3.5,SAFE
Bodeli,6.5,540,5.6,UNSAFE
Botad,7.3,420,3.3,SAFE
Chhota Udaipur,6.3,630,6.5,UNSAFE
Dabhoi,7.1,460,3.9,SAFE
Dahegam,6.5,540,5.7,UNSAFE
Dahod,7.2,450,3.6,SAFE
Dang,6.4,610,6.2,UNSAFE
Dediapada,7.3,420,3.2,SAFE
Deesa,7.4,400,2.8,SAFE
Dhandhuka,6.5,540,5.6,UNSAFE
Dhanera,7.2,440,3.5,SAFE
Dharampur,6.3,620,6.4,UNSAFE
Dholka,7.3,420,3.1,SAFE
Dhoraji,7.1,460,3.8,SAFE
Dwarka,7.4,420,3.3,SAFE
Gadhada,6.4,600,6.0,UNSAFE
Gandhidham,7.3,420,3.2,SAFE
Gandhinagar,7.4,420,3.4,SAFE
Gariadhar,6.5,540,5.7,UNSAFE
Gir Somnath,7.2,450,3.6,SAFE
Godhra,6.4,610,6.1,UNSAFE
Gondal,7.3,420,3.3,SAFE
Halol,6.5,540,5.6,UNSAFE
Himatnagar,7.2,440,3.5,SAFE
Idar,6.4,600,6.0,UNSAFE
Jafrabad,7.3,420,3.2,SAFE
Jalalpore,6.5,540,5.7,UNSAFE
Jamnagar,7.4,390,2.9,SAFE
Jasdan,6.3,620,6.4,UNSAFE
Jetpur,7.2,450,3.6,SAFE
Junagadh,7.3,420,3.3,SAFE
Kadi,6.4,610,6.1,UNSAFE
Kalavad,7.2,440,3.5,SAFE
Kalol,6.5,540,5.6,UNSAFE
Kandla,7.3,420,3.2,SAFE
Kapadvanj,6.4,600,6.0,UNSAFE
Karjan,7.2,450,3.7,SAFE
Keshod,6.5,540,5.7,UNSAFE
Khambhat,7.3,420,3.3,SAFE
Kheda,6.4,610,6.1,UNSAFE
Kheralu,7.2,440,3.5,SAFE
Kodinar,6.5,540,5.6,UNSAFE
Lathi,7.3,420,3.2,SAFE
Limbdi,6.4,600,6.0,UNSAFE
Lunawada,7.2,450,3.6,SAFE
Mahesana,7.4,420,3.4,SAFE
Mahuva,6.5,540,5.7,UNSAFE
Malpur,7.2,440,3.5,SAFE
Mandvi,6.4,610,6.2,UNSAFE
Mangrol,7.3,420,3.1,SAFE
Maninagar,7.4,400,2.8,SAFE
Mehsana Rural,6.5,540,5.6,UNSAFE
Modasa,7.2,450,3.6,SAFE
Morbi,7.3,420,3.3,SAFE
Nadiad,7.4,420,3.4,SAFE
Navsari,7.3,420,3.2,SAFE
Okha,6.4,600,6.0,UNSAFE
Padra,7.2,440,3.5,SAFE
Palanpur,7.1,460,3.8,SAFE
Pardi,6.5,540,5.7,UNSAFE
Patan,7.3,420,3.3,SAFE
Petlad,6.4,610,6.1,UNSAFE
Porbandar,7.4,390,2.9,SAFE
Rajkot,7.3,420,3.4,SAFE
Rajpipla,6.5,540,5.6,UNSAFE
Rajula,7.2,440,3.5,SAFE
Ranavav,6.4,600,6.0,UNSAFE
Sabarkantha,7.3,420,3.2,SAFE
Sanand,7.1,460,3.8,SAFE
Savarkundla,6.5,540,5.7,UNSAFE
Siddhpur,7.2,450,3.6,SAFE
Songadh,6.4,610,6.1,UNSAFE
Surat,7.4,420,3.4,SAFE
Surendranagar,7.3,420,3.2,SAFE
Talaja,6.5,540,5.6,UNSAFE
Tharad,7.2,440,3.5,SAFE
Una,6.4,600,6.0,UNSAFE
Unjha,7.3,420,3.3,SAFE
Vadodara,7.4,420,3.4,SAFE
Valsad,7.3,420,3.2,SAFE
Vapi,6.5,540,5.7,UNSAFE
Veraval,7.2,450,3.6,SAFE
Viramgam,6.4,610,6.1,UNSAFE
Visnagar,7.3,420,3.3,SAFE
Vyara,6.5,540,5.6,UNSAFE
Wankaner,7.2,440,3.5,SAFE
Location,pH,TDS,Turbidity,Status
Adampur,7.2,440,3.6,SAFE
Ambala,7.4,420,3.3,SAFE
Ambala Cantt,7.3,430,3.5,SAFE
Assandh,6.4,580,5.7,UNSAFE
Ateli,7.1,460,4.0,SAFE
Bahadurgarh,7.2,450,3.8,SAFE
Barara,6.3,610,6.2,UNSAFE
Barwala HR,7.3,420,3.4,SAFE
Bawal,7.1,470,4.1,SAFE
Bawani Khera,6.4,590,5.8,UNSAFE
Beri,7.2,440,3.6,SAFE
Bhattu Kalan,6.3,600,6.1,UNSAFE
Bhiwani,7.4,410,3.2,SAFE
Chandigarh Haryana,7.5,390,2.9,SAFE
Charkhi Dadri,7.3,420,3.5,SAFE
Cheeka,6.4,580,5.6,UNSAFE
Dabwali,7.2,450,3.7,SAFE
Ellenabad,6.3,610,6.0,UNSAFE
Faridabad,7.5,390,2.8,SAFE
Farrukhnagar HR,7.1,460,4.0,SAFE
Fatehabad HR,6.4,590,5.7,UNSAFE
Ferozepur Jhirka,6.3,600,6.2,UNSAFE
Ganaur,7.2,440,3.6,SAFE
Gharaunda,7.3,420,3.4,SAFE
Gohana,7.1,450,3.9,SAFE
Gurgaon,7.4,400,3.0,SAFE
Hansi,7.2,440,3.7,SAFE
Hisar,8.2,540,5.5,UNSAFE
Hodal,7.3,420,3.5,SAFE
Indri,6.4,580,5.8,UNSAFE
Israna,7.2,450,3.8,SAFE
Jagadhri,7.4,410,3.2,SAFE
Jatusana,6.3,610,6.1,UNSAFE
Jhajjar,7.3,420,3.4,SAFE
Jind,7.2,440,3.6,SAFE
Julana,6.4,590,5.7,UNSAFE
Kaithal,7.3,420,3.5,SAFE
Kalanaur HR,6.3,600,6.2,UNSAFE
Kalanwali,7.2,450,3.7,SAFE
Kalayat,6.4,580,5.6,UNSAFE
Kalka,7.4,400,2.9,SAFE
Karnal,7.3,420,3.3,SAFE
Kharkhoda HR,7.1,460,4.1,SAFE
Kosli,6.3,610,6.0,UNSAFE
Kurukshetra,7.4,410,3.2,SAFE
Ladwa,7.2,440,3.6,SAFE
Loharu,6.4,590,5.8,UNSAFE
Mahendragarh,7.3,420,3.4,SAFE
Mandi Dabwali,7.1,450,3.9,SAFE
Meham,6.3,600,6.1,UNSAFE
Naraingarh,7.2,440,3.7,SAFE
Narnaul,7.4,410,3.2,SAFE
Narwana,7.2,450,3.8,SAFE
Nilokheri,6.4,580,5.6,UNSAFE
Nuh,6.3,610,6.2,UNSAFE
Palwal,7.3,420,3.5,SAFE
Panchkula,7.4,400,2.9,SAFE
Panipat,7.3,420,3.4,SAFE
Pataudi,7.1,460,4.0,SAFE
Pehowa,6.4,590,5.7,UNSAFE
Pinjore,7.2,440,3.6,SAFE
Radaur,6.3,600,6.1,UNSAFE
Rania HR,7.2,450,3.8,SAFE
Ratia,6.4,580,5.6,UNSAFE
Rewari,7.3,420,3.4,SAFE
Rohtak,7.4,410,3.1,SAFE
Safidon,6.3,610,6.2,UNSAFE
Samalkha,7.2,440,3.7,SAFE
Shahbad,7.1,460,4.0,SAFE
Sirsa,8.3,560,5.6,UNSAFE
Siwani,6.4,590,5.8,UNSAFE
Sonipat,7.3,420,3.5,SAFE
Taraori,7.2,440,3.6,SAFE
Taoru,6.3,600,6.0,UNSAFE
Thanesar,7.4,410,3.2,SAFE
Tohana,7.1,450,3.9,SAFE
Tosham,6.4,580,5.7,UNSAFE
Uchana,7.2,440,3.6,SAFE
Yamunanagar,7.4,400,3.0,SAFE
Agroha,7.3,420,3.4,SAFE
Alewa,6.3,610,6.1,UNSAFE
Barwala Hisar,7.2,440,3.7,SAFE
Bapoli,6.4,590,5.6,UNSAFE
Chhachhrauli,7.3,420,3.5,SAFE
Dighal,6.3,600,6.2,UNSAFE
Ellenabad Mandi,7.2,450,3.8,SAFE
Fatehpur HR,6.4,580,5.7,UNSAFE
Gurawara,7.3,420,3.4,SAFE
Hathin,6.3,610,6.0,UNSAFE
Ismailabad,7.2,440,3.6,SAFE
Jind City,7.1,460,4.1,SAFE
Kheri Sampla,6.4,590,5.8,UNSAFE
Madlauda,7.2,440,3.6,SAFE
Mandkola,6.3,600,6.2,UNSAFE
Nangal Chaudhary,7.3,420,3.5,SAFE
Pillukhera,6.4,580,5.7,UNSAFE
Rakhigarhi,7.2,450,3.8,SAFE
Sampla,7.3,420,3.4,SAFE
Uklana,6.4,590,5.6,UNSAFE
Ani,7.2,440,3.6,SAFE
Arki,7.3,420,3.4,SAFE
Aut,6.4,580,5.7,UNSAFE
Baijnath,7.4,400,3.1,SAFE
Banjar,6.3,610,6.2,UNSAFE
Barot,7.2,430,3.5,SAFE
Barsar,6.4,590,5.6,UNSAFE
Bharmour,7.3,420,3.3,SAFE
Bhuntar,7.1,460,4.0,SAFE
Bilaspur HP,7.4,410,3.2,SAFE
Chail,7.2,440,3.7,SAFE
Chamba,7.3,420,3.4,SAFE
Chaupal,6.3,600,6.1,UNSAFE
Chintpurni,7.2,430,3.6,SAFE
Chopal,6.4,580,5.8,UNSAFE
Dalhousie,7.5,390,2.9,SAFE
Darcha,6.3,610,6.2,UNSAFE
Dehra Gopipur,7.2,440,3.6,SAFE
Dharamshala,7.4,400,3.0,SAFE
Gagret,6.4,590,5.7,UNSAFE
Ghumarwin,7.3,420,3.5,SAFE
Hamirpur HP,7.4,410,3.2,SAFE
Indora,6.3,600,6.0,UNSAFE
Jaisinghpur,7.2,440,3.6,SAFE
Jawala Mukhi,7.3,420,3.4,SAFE
Jogindernagar,7.1,450,3.9,SAFE
Jubbal,6.4,580,5.6,UNSAFE
Kaja,6.2,630,6.7,UNSAFE
Kandaghat,7.2,430,3.5,SAFE
Kangra,7.4,410,3.1,SAFE
Karsog,6.3,610,6.2,UNSAFE
Kasol,7.3,420,3.3,SAFE
Kaza,6.2,620,6.6,UNSAFE
Keylong,7.1,460,4.0,SAFE
Kinnaur,6.3,600,6.1,UNSAFE
Kullu,7.4,400,3.0,SAFE
Kumarsain,6.4,590,5.8,UNSAFE
Lahaul,6.2,630,6.8,UNSAFE
Manali,7.5,390,2.8,SAFE
Mandi HP,7.3,420,3.4,SAFE
Mashobra,7.2,440,3.7,SAFE
Mehatpur,6.4,580,5.6,UNSAFE
Nadaun,7.3,420,3.5,SAFE
Nagrota Bagwan,7.2,430,3.6,SAFE
Nahan,7.4,410,3.2,SAFE
Nalagarh,7.1,460,4.1,SAFE
Narkanda,7.3,420,3.3,SAFE
Nurpur,7.2,440,3.6,SAFE
Palampur,7.4,400,2.9,SAFE
Paonta Sahib,7.1,450,3.9,SAFE
Parwanoo,7.3,420,3.4,SAFE
Rajgarh HP,6.4,590,5.7,UNSAFE
Rampur Bushahr,7.2,440,3.6,SAFE
Reckong Peo,6.3,610,6.1,UNSAFE
Rohru,7.3,420,3.5,SAFE
Sainj,6.4,580,5.8,UNSAFE
Salooni,6.3,600,6.2,UNSAFE
Sangla,7.2,430,3.5,SAFE
Sarkaghat,7.3,420,3.4,SAFE
Shimla,7.5,390,2.8,SAFE
Shoghi,7.2,440,3.6,SAFE
Solan,7.4,410,3.1,SAFE
Sundernagar,7.3,420,3.5,SAFE
Tabo,6.2,630,6.7,UNSAFE
Theog,7.2,440,3.7,SAFE
Una HP,7.3,420,3.4,SAFE
Arasu,6.4,590,5.6,UNSAFE
Baggi,7.2,430,3.6,SAFE
Bahli,6.3,610,6.2,UNSAFE
Bajaura,7.3,420,3.4,SAFE
Balh,7.1,460,4.0,SAFE
Bandla,6.4,580,5.7,UNSAFE
Bangana,7.2,440,3.6,SAFE
Banethi,6.3,600,6.1,UNSAFE
Baragaon,7.3,420,3.3,SAFE
Basal,7.2,430,3.5,SAFE
Bassi HP,6.4,590,5.8,UNSAFE
Behna,7.3,420,3.4,SAFE
Bhadiar,6.3,610,6.0,UNSAFE
Bharari,7.2,440,3.6,SAFE
Bharwain,7.4,400,3.0,SAFE
Bhatoli,6.4,580,5.7,UNSAFE
Chachyot,7.2,430,3.5,SAFE
Chadiyar,6.3,600,6.2,UNSAFE
Chamera,7.3,420,3.4,SAFE
Chandpur HP,7.1,450,3.9,SAFE
Chhanjnu,6.4,590,5.6,UNSAFE
Dadasiba,7.3,420,3.5,SAFE
Darlaghat,7.2,440,3.6,SAFE
Deotsidh,7.4,410,3.2,SAFE
Dhalli,7.3,420,3.4,SAFE
Gopalpur HP,7.2,430,3.6,SAFE
Jassur,7.1,460,4.0,SAFE
Kotgarh,7.3,420,3.5,SAFE
Kotkhai,7.2,440,3.7,SAFE
Kuthera,6.4,580,5.8,UNSAFE
Majra HP,7.3,420,3.4,SAFE
Adityapur,7.2,440,3.6,SAFE
Baghmara,6.3,610,6.2,UNSAFE
Baharagora,7.3,420,3.4,SAFE
Balumath,6.4,580,5.7,UNSAFE
Barkagaon,7.1,460,4.0,SAFE
Barkakana,7.2,430,3.5,SAFE
Barwadih,6.3,600,6.1,UNSAFE
Basia,6.4,590,5.6,UNSAFE
Bermo,7.3,420,3.3,SAFE
Bhawnathpur,6.2,630,6.6,UNSAFE
Bishrampur,7.2,440,3.7,SAFE
Bokaro,7.4,410,3.2,SAFE
Bundu,7.1,450,3.9,SAFE
Chaibasa,7.3,420,3.5,SAFE
Chainpur JH,6.3,610,6.0,UNSAFE
Chakradharpur,7.2,440,3.6,SAFE
Chandil,7.3,420,3.4,SAFE
Chatra,6.4,580,5.8,UNSAFE
Chirkunda,7.2,430,3.6,SAFE
Deoghar,7.4,400,2.9,SAFE
Dhanbad,8.1,540,5.5,UNSAFE
Dumka,6.3,600,6.2,UNSAFE
Garhwa,6.4,590,5.7,UNSAFE
Ghatsila,7.2,440,3.6,SAFE
Giridih,7.3,420,3.4,SAFE
Godda,6.3,610,6.1,UNSAFE
Gomia,7.2,450,3.8,SAFE
Gumla,6.4,580,5.6,UNSAFE
Hazaribagh,7.4,410,3.1,SAFE
Hussainabad,7.2,440,3.7,SAFE
Itki,7.3,420,3.5,SAFE
Jadugora,6.3,600,6.0,UNSAFE
Jamtara,6.4,590,5.8,UNSAFE
Jamshedpur,7.5,390,2.8,SAFE
Jarmundi,6.3,610,6.2,UNSAFE
Khunti,7.2,440,3.6,SAFE
Kodarma,7.3,420,3.4,SAFE
Latehar,6.2,630,6.7,UNSAFE
Lohardaga,7.2,430,3.5,SAFE
Madhupur,7.3,420,3.3,SAFE
Mahagama,6.4,580,5.7,UNSAFE
Maheshpur,6.3,600,6.1,UNSAFE
Manoharpur,7.2,440,3.6,SAFE
Mihijam,7.3,420,3.5,SAFE
Musabani,6.4,590,5.6,UNSAFE
Nirsa,7.2,450,3.8,SAFE
Noamundi,6.3,610,6.2,UNSAFE
Pakur,6.4,580,5.7,UNSAFE
Palamu,6.2,630,6.6,UNSAFE
Patratu,7.3,420,3.4,SAFE
Peterwar,7.1,460,4.0,SAFE
Rajmahal,6.3,600,6.1,UNSAFE
Ramgarh,7.4,410,3.2,SAFE
Ranchi,7.5,390,2.9,SAFE
Sahibganj,6.4,590,5.8,UNSAFE
Saraikela,7.2,440,3.6,SAFE
Simdega,6.3,610,6.2,UNSAFE
Sindri,8.2,550,5.6,UNSAFE
Tamar,7.2,430,3.5,SAFE
Torpa,6.4,580,5.7,UNSAFE
Adki,6.3,600,6.0,UNSAFE
Angara,7.2,440,3.6,SAFE
Barhi JH,7.3,420,3.4,SAFE
Bishunpur,6.4,590,5.8,UNSAFE
Chandwa,7.2,430,3.5,SAFE
Chas,7.4,410,3.2,SAFE
Daltonganj,7.3,420,3.5,SAFE
Domchanch,6.3,610,6.1,UNSAFE
Dumri JH,7.2,440,3.7,SAFE
Ghatshila Town,7.3,420,3.4,SAFE
Ichak,6.4,580,5.6,UNSAFE
Jagannathpur,7.2,430,3.6,SAFE
Kanke,7.3,420,3.5,SAFE
Karma,6.3,600,6.2,UNSAFE
Khalari,7.2,440,3.6,SAFE
Kolebira,6.4,590,5.7,UNSAFE
Kuru,7.3,420,3.4,SAFE
Littipara,6.2,630,6.8,UNSAFE
Mandar,7.2,430,3.5,SAFE
Mandar Hill,7.3,420,3.3,SAFE
Mango,7.4,400,3.0,SAFE
Namkum,7.2,440,3.6,SAFE
Ormanjhi,7.1,460,4.1,SAFE
Palkot,6.3,610,6.0,UNSAFE
Panki JH,7.2,440,3.7,SAFE
Potka,6.4,580,5.6,UNSAFE
Ratu,7.3,420,3.5,SAFE
Silli,7.2,430,3.6,SAFE
Sonahatu,6.3,600,6.2,UNSAFE
Tundi,7.2,440,3.6,SAFE
Tupudana,7.3,420,3.4,SAFE
Location,pH,TDS,Turbidity,Status
Adityapur,7.3,420,3.2,SAFE
Bagbera,7.2,440,3.6,SAFE
Baghmara,6.4,620,6.5,UNSAFE
Baharagora,7.1,460,4.0,SAFE
Balumath,6.3,640,6.8,UNSAFE
Bamboo Bazaar,7.4,430,3.3,SAFE
Bano,6.5,520,5.4,UNSAFE
Barajamda,7.2,440,3.5,SAFE
Barharwa,7.0,470,4.1,SAFE
Barkagaon,6.4,610,6.2,UNSAFE
Barkakana,7.3,420,3.1,SAFE
Barwadih,6.3,650,6.9,UNSAFE
Basia,7.2,440,3.7,SAFE
Bermo,7.4,430,3.2,SAFE
Bishrampur JH,7.1,460,4.0,SAFE
Bokaro,7.5,410,2.9,SAFE
Bundu,7.3,420,3.4,SAFE
Chaibasa,7.2,440,3.6,SAFE
Chainpur JH,6.4,620,6.5,UNSAFE
Chakradharpur,7.3,420,3.0,SAFE
Chandil,7.1,450,3.8,SAFE
Chatra,7.4,430,3.3,SAFE
Chirkunda,7.2,440,3.5,SAFE
Daltonganj,7.3,420,3.2,SAFE
Deoghar,7.5,410,2.8,SAFE
Dhanbad,7.4,430,3.1,SAFE
Dumka,7.3,420,3.4,SAFE
Garhwa,6.4,610,6.3,UNSAFE
Ghatsila,7.2,440,3.6,SAFE
Giridih,7.3,420,3.0,SAFE
Godda,6.3,640,6.7,UNSAFE
Gomia,7.2,440,3.5,SAFE
Gumla,7.1,460,4.0,SAFE
Hazaribagh,7.4,430,3.2,SAFE
Hussainabad,6.5,520,5.5,UNSAFE
Ichak,7.3,420,3.3,SAFE
Jadugora,7.2,440,3.7,SAFE
Jamtara,7.1,450,3.6,SAFE
Jharia,6.4,620,6.6,UNSAFE
Jhumri Telaiya,7.3,420,3.1,SAFE
Khunti,7.2,440,3.5,SAFE
Kodarma,7.4,430,3.2,SAFE
Latehar,6.3,650,6.8,UNSAFE
Lohardaga,7.3,420,3.4,SAFE
Madhupur,7.2,440,3.6,SAFE
Maheshpur,6.4,610,6.3,UNSAFE
Mandar,7.1,460,4.1,SAFE
Manoharpur,7.3,420,3.2,SAFE
Meghahatuburu,7.4,430,3.3,SAFE
Muri,7.2,440,3.5,SAFE
Musabani,6.5,520,5.4,UNSAFE
Netarhat,7.3,420,3.0,SAFE
Nirsa,7.2,440,3.7,SAFE
Noamundi,7.4,430,3.2,SAFE
Ormanjhi,7.1,460,4.0,SAFE
Pakur,6.4,620,6.5,UNSAFE
Patratu,7.3,420,3.3,SAFE
Peterbar,7.2,440,3.6,SAFE
Piska Nagri,7.4,430,3.1,SAFE
Rajmahal,7.2,440,3.5,SAFE
Ramgarh,7.5,410,2.9,SAFE
Ranchi,7.4,420,3.2,SAFE
Sahibganj,7.3,420,3.4,SAFE
Saraikela,7.2,440,3.6,SAFE
Simdega,7.1,460,4.0,SAFE
Sindri,7.3,420,3.1,SAFE
Tamar,6.4,610,6.4,UNSAFE
Tatanagar,7.5,410,2.8,SAFE
Torpa,7.2,440,3.7,SAFE
Adki,6.3,640,6.9,UNSAFE
Angara,7.3,420,3.2,SAFE
Barhi,7.2,440,3.5,SAFE
Bishunpur,6.4,620,6.6,UNSAFE
Borio,7.1,450,3.8,SAFE
Chandwa,6.3,650,6.8,UNSAFE
Dumri,7.2,440,3.6,SAFE
Gawan,6.4,610,6.3,UNSAFE
Hatia,7.4,430,3.1,SAFE
Itkhori,7.2,440,3.5,SAFE
Jaridih,7.3,420,3.3,SAFE
Kanke,7.4,430,3.2,SAFE
Karma,6.5,520,5.5,UNSAFE
Kolebira,7.2,440,3.7,SAFE
Kuru,7.3,420,3.1,SAFE
Lapung,6.4,620,6.4,UNSAFE
Mahagama,6.3,640,6.8,UNSAFE
Mandar Hills,7.2,440,3.6,SAFE
Nala,7.1,460,4.0,SAFE
Palkot,6.4,610,6.2,UNSAFE
Pathargama,6.3,650,6.9,UNSAFE
Raidih,7.2,440,3.5,SAFE
Ratu,7.3,420,3.2,SAFE
Silli,7.4,430,3.1,SAFE
Tundi,6.4,620,6.5,UNSAFE
Afzalpur,7.2,430,3.4,SAFE
Aland,6.3,610,6.1,UNSAFE
Alnavar,7.1,460,4.0,SAFE
Anekal,6.2,620,6.3,UNSAFE
Ankola,7.4,420,3.2,SAFE
Annigeri,6.1,640,6.6,UNSAFE
Arsikere,7.0,480,4.3,SAFE
Athani,6.3,600,5.9,UNSAFE
Badami,7.3,440,3.5,SAFE
Bagalkot,6.2,630,6.2,UNSAFE
Bagepalli,7.1,450,3.8,SAFE
Bailhongal,6.4,560,5.5,UNSAFE
Bangalore_Rural,7.5,410,2.9,SAFE
Bangalore_Urban,7.4,420,3.0,SAFE
Bangarapet,6.3,610,6.0,UNSAFE
Bantwal,7.2,430,3.7,SAFE
Basavakalyan,6.2,620,6.4,UNSAFE
Basavana_Bagewadi,7.0,470,4.2,SAFE
Belagavi,7.3,440,3.6,SAFE
Bellary,6.1,650,6.8,UNSAFE
Belthangady,7.1,460,4.1,SAFE
Belur,6.2,610,6.3,UNSAFE
Bhadravati,7.4,420,3.3,SAFE
Bhatkal,6.3,600,5.8,UNSAFE
Bidar,7.2,450,3.9,SAFE
Bijapur_Vijayapura,6.1,640,6.7,UNSAFE
Challakere,7.0,480,4.4,SAFE
Chamarajanagar,6.2,620,6.2,UNSAFE
Channagiri,7.3,430,3.4,SAFE
Channapatna,6.4,570,5.6,UNSAFE
Chikkaballapur,7.2,440,3.8,SAFE
Chikkamagaluru,7.1,460,4.0,SAFE
Chikkanayakanahalli,6.3,610,6.1,UNSAFE
Chikkodi,7.4,420,3.2,SAFE
Chintamani,6.2,630,6.3,UNSAFE
Chitradurga,7.0,470,4.1,SAFE
Dakshina_Kannada,7.3,430,3.5,SAFE
Davangere,6.3,600,5.9,UNSAFE
Dharwad,7.2,440,3.6,SAFE
Dodballapur,6.2,620,6.4,UNSAFE
Gadag,7.1,450,3.9,SAFE
Gokak,6.1,650,6.7,UNSAFE
Gubbi,7.0,480,4.2,SAFE
Gulbarga_Kalaburagi,6.2,610,6.0,UNSAFE
Hassan,7.4,420,3.3,SAFE
Haveri,6.3,600,5.8,UNSAFE
Hiriyur,7.2,430,3.7,SAFE
Holalkere,6.1,640,6.6,UNSAFE
Hole_Narsipur,7.0,470,4.3,SAFE
Honnali,6.2,620,6.2,UNSAFE
Honnavar,7.3,440,3.5,SAFE
Hospet_Hosapete,6.1,650,6.8,UNSAFE
Hubli,7.4,410,3.0,SAFE
Hunsur,6.3,610,6.1,UNSAFE
Ilkal,7.1,460,4.0,SAFE
Indi,6.2,630,6.4,UNSAFE
Jamkhandi,7.2,440,3.8,SAFE
Jewargi,6.1,640,6.7,UNSAFE
Kadur,7.0,480,4.2,SAFE
Kalghatgi,6.2,620,6.3,UNSAFE
Kanakapura,7.3,430,3.4,SAFE
Karkala,7.1,450,3.9,SAFE
Karwar,7.4,420,3.1,SAFE
Kolar,6.3,600,5.9,UNSAFE
Kollegal,7.2,440,3.7,SAFE
Koppal,6.2,610,6.2,UNSAFE
Kundapura,7.3,430,3.6,SAFE
Kushalnagar,6.4,560,5.5,UNSAFE
Lingasugur,6.1,650,6.8,UNSAFE
Maddur,7.2,440,3.8,SAFE
Madhugiri,6.3,600,5.8,UNSAFE
Madikeri,7.4,420,3.2,SAFE
Magadi,6.2,620,6.4,UNSAFE
Mahalingpur,7.0,470,4.1,SAFE
Malavalli,6.3,610,6.0,UNSAFE
Malur,7.1,450,3.9,SAFE
Mandya,7.3,430,3.5,SAFE
Mangalore_Mangaluru,7.4,410,3.0,SAFE
Manipal,7.2,440,3.6,SAFE
Manvi,6.2,630,6.3,UNSAFE
Mayakonda,7.0,480,4.2,SAFE
Molakalmuru,6.1,640,6.7,UNSAFE
Moodabidri,7.3,420,3.4,SAFE
Muddebihal,6.2,620,6.1,UNSAFE
Mudhol,7.1,460,4.0,SAFE
Mudigere,7.4,420,3.3,SAFE
Mulbagal,6.3,600,5.9,UNSAFE
Mundargi,7.2,440,3.8,SAFE
Mysore_Mysuru,7.5,410,2.9,SAFE
Nagamangala,6.2,630,6.2,UNSAFE
Nanjangud,7.1,450,3.7,SAFE
Nargund,6.1,650,6.6,UNSAFE
Navalgund,7.0,470,4.3,SAFE
Nelamangala,7.2,440,3.6,SAFE
Pavagada,6.2,620,6.4,UNSAFE
Piriyapatna,7.3,430,3.5,SAFE
Raichur,6.1,650,6.8,UNSAFE
Ramanagara,7.2,440,3.8,SAFE
Ranebennur,6.3,600,5.8,UNSAFE
Robertsonpet,7.1,450,3.9,SAFE
Ron,6.2,630,6.3,UNSAFE
Sagar_Karnataka,7.4,420,3.2,SAFE
Sakleshpur,7.3,430,3.6,SAFE
Sandur,6.1,640,6.7,UNSAFE
Saundatti,7.2,440,3.7,SAFE
Sedam,6.2,620,6.2,UNSAFE
Shahabad_Karnataka,7.0,480,4.1,SAFE
Shahpur_Karnataka,6.3,610,6.0,UNSAFE
Shimoga_Shivamogga,7.4,410,3.0,SAFE
Shorapur,6.1,650,6.8,UNSAFE
Shravanabelagola,7.2,440,3.8,SAFE
Sidlaghatta,6.3,600,5.9,UNSAFE
Sindagi,7.1,460,4.0,SAFE
Sindhnur,6.2,630,6.4,UNSAFE
Sira,7.3,430,3.5,SAFE
Sirsi,7.4,420,3.1,SAFE
Somwarpet,6.2,620,6.3,UNSAFE
Sorab,7.1,450,3.9,SAFE
Sringeri,7.3,430,3.4,SAFE
Srinivaspur,6.3,600,5.8,UNSAFE
Sulya,7.2,440,3.6,SAFE
Talikote,6.1,640,6.7,UNSAFE
Tarikere,7.0,480,4.2,SAFE
Tiptur,7.3,430,3.5,SAFE
Tumkur_Tumakuru,7.4,420,3.0,SAFE
Udupi,7.5,410,2.8,SAFE
Virajpet,7.2,440,3.7,SAFE
Yadgir,6.1,650,6.8,UNSAFE
Yelahanka,7.3,420,3.2,SAFE
Adimali,7.2,430,3.4,SAFE
Adoor,6.3,610,6.1,UNSAFE
Alappuzha,7.4,420,3.0,SAFE
Alathur,6.2,620,6.3,UNSAFE
Aluva,7.3,440,3.5,SAFE
Angamaly,6.4,560,5.6,UNSAFE
Attingal,7.1,460,4.0,SAFE
Ayyanthole,6.2,630,6.2,UNSAFE
Balussery,7.0,470,4.3,SAFE
Chalakudy,7.2,440,3.7,SAFE
Changanassery,6.3,600,5.8,UNSAFE
Chavakkad,7.3,420,3.2,SAFE
Chengannur,7.4,410,3.0,SAFE
Cherthala,6.2,620,6.4,UNSAFE
Cherpulassery,7.1,450,3.9,SAFE
Cheruvathur,6.3,610,6.0,UNSAFE
Chittur,7.2,440,3.8,SAFE
Edappal,6.1,650,6.7,UNSAFE
Erattupetta,7.0,480,4.2,SAFE
Ernakulam,7.5,410,2.9,SAFE
Ettumanoor,6.2,620,6.3,UNSAFE
Feroke,7.3,430,3.4,SAFE
Guruvayur,7.4,420,3.1,SAFE
Haripad,6.3,600,5.9,UNSAFE
Idukki,7.2,440,3.6,SAFE
Irinjalakuda,7.1,460,4.0,SAFE
Kadalundi,6.2,630,6.4,UNSAFE
Kaduthuruthy,7.3,420,3.3,SAFE
Kalady,7.4,410,3.0,SAFE
Kalamassery,6.3,610,6.1,UNSAFE
Kalpetta,7.2,440,3.7,SAFE
Kanhangad,7.1,450,3.9,SAFE
Kannur,7.5,410,2.8,SAFE
Karunagappally,6.2,620,6.2,UNSAFE
Kasargod,7.3,430,3.5,SAFE
Kattappana,6.4,560,5.5,UNSAFE
Kayamkulam,7.2,440,3.8,SAFE
Kazhakoottam,7.3,420,3.2,SAFE
Kochi,7.4,410,2.9,SAFE
Kodungallur,6.3,600,5.8,UNSAFE
Kollam,7.3,430,3.6,SAFE
Kondotty,7.1,460,4.1,SAFE
Kothamangalam,6.2,630,6.3,UNSAFE
Kottakkal,7.2,440,3.7,SAFE
Kottarakkara,6.3,610,6.0,UNSAFE
Kottayam,7.4,420,3.1,SAFE
Koyilandy,7.1,450,3.8,SAFE
Kozhikode,7.5,410,2.8,SAFE
Kunnamkulam,6.2,620,6.4,UNSAFE
Malappuram,7.3,430,3.4,SAFE
Mananthavady,7.2,440,3.6,SAFE
Mannarkkad,6.3,600,5.9,UNSAFE
Mavelikkara,7.4,420,3.0,SAFE
Muvattupuzha,7.1,460,4.0,SAFE
Nedumangad,6.2,630,6.2,UNSAFE
Neyyattinkara,7.3,430,3.5,SAFE
Nilambur,7.2,440,3.8,SAFE
Ottapalam,6.3,610,6.1,UNSAFE
Palakkad,7.4,420,3.2,SAFE
Pala,7.3,430,3.4,SAFE
Pandalam,6.2,620,6.3,UNSAFE
Paravur,7.2,440,3.7,SAFE
Pathanamthitta,7.4,410,3.0,SAFE
Pattambi,6.3,600,5.8,UNSAFE
Payyannur,7.3,420,3.3,SAFE
Perambra,7.1,450,3.9,SAFE
Perinthalmanna,6.2,630,6.4,UNSAFE
Perumbavoor,7.3,430,3.6,SAFE
Ponnani,7.2,440,3.8,SAFE
Punalur,6.3,610,6.0,UNSAFE
Ranni,7.4,420,3.1,SAFE
Shoranur,7.2,440,3.7,SAFE
Sulthan_Bathery,7.1,460,4.0,SAFE
Taliparamba,7.3,430,3.5,SAFE
Thalassery,7.4,410,2.9,SAFE
Thiruvalla,7.3,420,3.2,SAFE
Thiruvananthapuram,7.5,410,2.8,SAFE
Thodupuzha,6.2,620,6.3,UNSAFE
Thrissur,7.4,420,3.1,SAFE
Tirur,7.1,460,4.2,SAFE
Tiruvalla_Town,6.3,600,5.9,UNSAFE
Vadakara,7.3,430,3.4,SAFE
Vaikom,7.2,440,3.6,SAFE
Varkala,7.4,410,3.0,SAFE
Vatakara_Town,6.2,630,6.2,UNSAFE
Wadakkanchery,7.3,420,3.3,SAFE
Aroor,7.1,450,3.9,SAFE
Kakkanad,7.4,420,3.2,SAFE
Kundara,6.3,610,6.1,UNSAFE
Kuttanad,7.2,440,3.7,SAFE
Maradu,7.3,430,3.5,SAFE
Mattannur,7.1,460,4.0,SAFE
Nileshwar,7.2,440,3.8,SAFE
Oachira,6.2,620,6.3,UNSAFE
Parassala,7.3,420,3.2,SAFE
Piravom,7.4,410,3.0,SAFE
Thalipparamba,7.2,440,3.6,SAFE
Valanchery,6.3,600,5.8,UNSAFE
Vypin,7.3,430,3.4,SAFE
Agar_Malwa,7.2,430,3.4,SAFE
Alirajpur,6.3,610,6.1,UNSAFE
Anuppur,7.1,460,4.0,SAFE
Ashoknagar,6.2,620,6.3,UNSAFE
Balaghat,7.4,420,3.1,SAFE
Barwani,6.1,640,6.7,UNSAFE
Betul,7.3,440,3.6,SAFE
Bhind,6.2,630,6.4,UNSAFE
Bhopal,7.5,410,2.9,SAFE
Burhanpur,6.3,600,5.9,UNSAFE
Chhatarpur_MP,7.2,440,3.8,SAFE
Chhindwara,7.1,450,3.9,SAFE
Damoh,6.2,620,6.2,UNSAFE
Datia,7.3,430,3.4,SAFE
Dewas,7.4,420,3.2,SAFE
Dhar,6.3,610,6.0,UNSAFE
Dindori_MP,6.1,650,6.8,UNSAFE
Guna,7.2,440,3.7,SAFE
Gwalior,7.4,410,3.0,SAFE
Harda,6.2,630,6.3,UNSAFE
Hoshangabad_Narmadapuram,7.3,430,3.5,SAFE
Indore,7.5,410,2.8,SAFE
Jabalpur,7.4,420,3.1,SAFE
Jhabua,6.1,640,6.6,UNSAFE
Katni,7.2,440,3.8,SAFE
Khandwa,6.3,600,5.8,UNSAFE
Khargone,7.1,460,4.1,SAFE
Mandla,6.2,620,6.4,UNSAFE
Mandsaur,7.3,430,3.3,SAFE
Morena,6.1,650,6.7,UNSAFE
Narsinghpur,7.2,440,3.6,SAFE
Neemuch,7.4,420,3.2,SAFE
Niwari,6.3,610,6.1,UNSAFE
Panna,7.1,450,3.9,SAFE
Raisen,6.2,630,6.3,UNSAFE
Rajgarh_MP,7.3,430,3.4,SAFE
Ratlam,7.4,420,3.0,SAFE
Rewa,6.1,640,6.6,UNSAFE
Sagar_MP,7.2,440,3.7,SAFE
Satna,6.2,620,6.2,UNSAFE
Sehore,7.3,430,3.5,SAFE
Seoni,7.1,460,4.0,SAFE
Shahdol,6.2,630,6.4,UNSAFE
Shajapur,7.2,440,3.8,SAFE
Sheopur,6.1,650,6.7,UNSAFE
Shivpuri,7.3,430,3.4,SAFE
Sidhi,6.2,620,6.3,UNSAFE
Singrauli,6.0,670,7.2,UNSAFE
Tikamgarh,7.1,450,3.9,SAFE
Ujjain,7.4,420,3.1,SAFE
Umaria,6.2,630,6.4,UNSAFE
Vidisha,7.3,430,3.5,SAFE
Maihar,7.2,440,3.7,SAFE
Itarsi,7.4,410,3.0,SAFE
Pithampur,6.3,600,5.9,UNSAFE
Nagda,7.1,460,4.2,SAFE
Mhow,7.3,430,3.4,SAFE
Gadarwara,7.2,440,3.8,SAFE
Sarni,6.2,620,6.3,UNSAFE
Multai,7.3,430,3.6,SAFE
Chanderi,7.1,450,3.9,SAFE
Orchha,7.4,420,3.2,SAFE
Bina,6.3,610,6.0,UNSAFE
Seoni_Malwa,7.2,440,3.7,SAFE
Ashta_MP,7.3,430,3.5,SAFE
Basoda,6.2,630,6.4,UNSAFE
Maksi,7.1,460,4.1,SAFE
Susner,6.3,600,5.8,UNSAFE
Garoth,7.2,440,3.6,SAFE
Jaora,7.4,420,3.3,SAFE
Sitamau,6.2,620,6.2,UNSAFE
Alot,7.1,450,3.8,SAFE
Badnagar,7.3,430,3.4,SAFE
Mahidpur,6.3,610,6.1,UNSAFE
Tarana,7.2,440,3.7,SAFE
Depalpur,7.4,420,3.0,SAFE
Sanawad,6.2,630,6.3,UNSAFE
Mandleshwar,7.3,430,3.5,SAFE
Barwaha,7.1,460,4.0,SAFE
Khachrod,6.2,620,6.4,UNSAFE
Khurai,7.2,440,3.8,SAFE
Rahatgarh,6.3,600,5.9,UNSAFE
Rehli,7.3,430,3.4,SAFE
Amarpatan,6.2,630,6.2,UNSAFE
Nagod,7.1,450,3.9,SAFE
Rampur_Baghelan,6.3,610,6.0,UNSAFE
Sihora,7.2,440,3.7,SAFE
Panagar,7.4,420,3.2,SAFE
Pawai,6.2,620,6.3,UNSAFE
Amla,7.3,430,3.6,SAFE
Waraseoni,7.1,460,4.1,SAFE
Baihar,6.2,630,6.4,UNSAFE
Lanji,7.2,440,3.8,SAFE
Kotma,6.3,600,5.8,UNSAFE
Pali_MP,7.3,430,3.5,SAFE
Pushprajgarh,6.1,650,6.7,UNSAFE
Beohari,7.2,440,3.6,SAFE
Jaisinghnagar,6.3,610,6.1,UNSAFE
Achalpur,7.2,440,3.7,SAFE
Ahmednagar,6.3,610,6.0,UNSAFE
Akkalkot,7.1,460,4.1,SAFE
Akola,6.2,630,6.3,UNSAFE
Alibag,7.4,420,3.2,SAFE
Amalner,6.1,650,6.7,UNSAFE
Ambajogai,7.3,430,3.5,SAFE
Amravati,7.4,410,3.0,SAFE
Arvi,6.3,600,5.8,UNSAFE
Ashti_MH,7.2,440,3.8,SAFE
Aurangabad_MH,7.5,410,2.9,SAFE
Baramati,7.3,430,3.4,SAFE
Beed,6.2,620,6.4,UNSAFE
Bhandara,7.2,440,3.6,SAFE
Bhiwandi,6.3,610,6.1,UNSAFE
Bhokar,7.1,460,4.0,SAFE
Bhusawal,7.3,420,3.3,SAFE
Boisar,6.2,630,6.2,UNSAFE
Buldhana,7.2,440,3.7,SAFE
Chalisgaon,6.1,640,6.6,UNSAFE
Chandrapur,7.4,420,3.1,SAFE
Chiplun,7.3,430,3.5,SAFE
Dahanu,7.1,450,3.9,SAFE
Dapoli,6.2,620,6.3,UNSAFE
Dhule,6.3,600,5.9,UNSAFE
Gadchiroli,6.0,670,7.2,UNSAFE
Gondia,7.2,440,3.8,SAFE
Hingoli,6.2,630,6.4,UNSAFE
Ichalkaranji,7.3,430,3.4,SAFE
Jalgaon,7.4,420,3.0,SAFE
Jalna,6.3,610,6.1,UNSAFE
Karad,7.2,440,3.6,SAFE
Khed_Ratnagiri,7.1,460,4.2,SAFE
Kolhapur,7.5,410,2.8,SAFE
Latur,6.2,620,6.3,UNSAFE
Lonavala,7.4,420,3.2,SAFE
Malegaon,6.3,600,5.8,UNSAFE
Malkapur,7.2,440,3.7,SAFE
Mangalwedha,6.1,650,6.7,UNSAFE
Manmad,7.3,430,3.5,SAFE
Mehkar,6.2,630,6.2,UNSAFE
Miraj,7.4,420,3.1,SAFE
Mumbai,7.5,410,2.9,SAFE
Murtijapur,6.3,610,6.0,UNSAFE
Nagpur,7.4,420,3.0,SAFE
Nanded,6.2,620,6.4,UNSAFE
Nandurbar,6.1,640,6.8,UNSAFE
Nashik,7.3,430,3.3,SAFE
Navi_Mumbai,7.4,410,3.0,SAFE
Osmanabad,6.2,630,6.3,UNSAFE
Palghar,7.2,440,3.8,SAFE
Pandharpur,7.1,460,4.1,SAFE
Parbhani,6.3,600,5.9,UNSAFE
Patan_MH,7.2,440,3.6,SAFE
Pen,7.3,420,3.2,SAFE
Pune,7.5,410,2.8,SAFE
Raigad,6.2,620,6.3,UNSAFE
Ratnagiri,7.4,420,3.1,SAFE
Sangamner,7.1,450,3.9,SAFE
Sangli,7.3,430,3.4,SAFE
Satara,7.4,420,3.0,SAFE
Sawantwadi,7.2,440,3.7,SAFE
Shirdi,7.3,430,3.5,SAFE
Shirpur,6.2,630,6.4,UNSAFE
Solapur,6.3,610,6.1,UNSAFE
Talegaon,7.2,440,3.8,SAFE
Thane,7.4,410,2.9,SAFE
Tuljapur,6.2,620,6.2,UNSAFE
Ulhasnagar,7.3,430,3.6,SAFE
Uran,7.1,460,4.0,SAFE
Wardha,7.2,440,3.7,SAFE
Washim,6.3,600,5.8,UNSAFE
Yavatmal,6.2,630,6.3,UNSAFE
Achara,7.3,420,3.3,SAFE
Aheri,6.1,650,6.6,UNSAFE
Akot,7.2,440,3.8,SAFE
Ambarnath,7.4,420,3.1,SAFE
Ballarpur,6.3,610,6.0,UNSAFE
Barshi,7.2,440,3.7,SAFE
Basmath,6.2,630,6.2,UNSAFE
Chopda,7.3,430,3.4,SAFE
Deolali,7.4,420,3.2,SAFE
Deori_MH,6.1,640,6.7,UNSAFE
Digras,7.2,440,3.6,SAFE
Gevrai,6.3,600,5.9,UNSAFE
Hinganghat,7.3,430,3.5,SAFE
Islampur_MH,7.4,420,3.0,SAFE
Jath,6.2,620,6.3,UNSAFE
Kagal,7.2,440,3.7,SAFE
Kalwan,6.3,610,6.1,UNSAFE
Kalyan,7.4,410,2.9,SAFE
Karjat_MH,7.3,430,3.4,SAFE
Karmala,6.2,630,6.4,UNSAFE
Kopargaon,7.2,440,3.8,SAFE
Mahad,7.3,420,3.2,SAFE
Mangaon,6.3,600,5.8,UNSAFE
Mohol,7.1,460,4.0,SAFE
Narkhed,6.2,620,6.2,UNSAFE
Paithan,7.3,430,3.5,SAFE
Panvel,7.4,410,2.8,SAFE
Phaltan,7.2,440,3.6,SAFE
Rahuri,6.3,610,6.1,UNSAFE
Sillod,7.1,460,4.2,SAFE
Tasgaon,7.3,430,3.4,SAFE
Vasai,7.4,420,3.1,SAFE
Wani,6.2,630,6.3,UNSAFE
Andro,7.2,440,3.6,SAFE
Bishnupur_MN,6.3,610,6.1,UNSAFE
Chandel,7.1,460,4.0,SAFE
Churachandpur,6.2,630,6.3,UNSAFE
Heirok,7.3,430,3.4,SAFE
Imphal_East,7.4,420,3.1,SAFE
Imphal_West,7.5,410,2.9,SAFE
Jiribam,6.3,600,5.8,UNSAFE
Kakching,7.2,440,3.7,SAFE
Kamjong,6.1,640,6.6,UNSAFE
Kangpokpi,7.0,480,4.2,SAFE
Kumbi,6.2,620,6.4,UNSAFE
Lamphelpat,7.3,420,3.2,SAFE
Lilong,6.3,610,6.0,UNSAFE
Mao,7.1,450,3.9,SAFE
Mayang_Imphal,7.2,440,3.8,SAFE
Moirang,6.2,630,6.2,UNSAFE
Moreh,7.3,430,3.5,SAFE
Nambol,7.4,420,3.0,SAFE
Noney,6.1,650,6.8,UNSAFE
Pallel,7.2,440,3.6,SAFE
Porompat,7.3,420,3.3,SAFE
Senapati,6.3,600,5.9,UNSAFE
Sugnu,7.1,460,4.1,SAFE
Tamenglong,6.0,670,7.2,UNSAFE
Thoubal,7.2,440,3.7,SAFE
Ukhrul,7.1,450,3.8,SAFE
Wangjing,6.2,620,6.3,UNSAFE
Yairipok,7.3,430,3.4,SAFE
Andro_Bazar,7.4,420,3.1,SAFE
Bishnupur_Town,6.3,610,6.2,UNSAFE
Chandel_Town,7.2,440,3.7,SAFE
Churachandpur_Town,6.1,640,6.6,UNSAFE
Heingang,7.3,420,3.2,SAFE
Imphal_City,7.5,410,2.8,SAFE
Jiribam_Town,6.2,630,6.3,UNSAFE
Kakching_Bazar,7.1,460,4.0,SAFE
Kamjong_Town,6.3,600,5.8,UNSAFE
Kanglatongbi,7.2,440,3.6,SAFE
Kumbi_Town,6.1,650,6.7,UNSAFE
Lamphel,7.3,430,3.5,SAFE
Lilong_Town,6.2,620,6.4,UNSAFE
Mao_Town,7.4,420,3.0,SAFE
Mayang_Imphal_Town,7.2,440,3.7,SAFE
Moirang_Town,6.3,610,6.1,UNSAFE
Moreh_Town,7.3,420,3.3,SAFE
Nambol_Town,7.4,410,3.0,SAFE
Noney_Town,6.1,650,6.8,UNSAFE
Pallel_Town,7.2,440,3.6,SAFE
Porompat_Town,7.3,420,3.2,SAFE
Senapati_Town,6.3,600,5.9,UNSAFE
Sugnu_Town,7.1,460,4.1,SAFE
Tamenglong_Town,6.0,670,7.2,UNSAFE
Thoubal_Town,7.2,440,3.7,SAFE
Ukhrul_Town,7.3,430,3.4,SAFE
Wangjing_Town,6.2,620,6.3,UNSAFE
Yairipok_Town,7.3,420,3.2,SAFE
Kshetrigao,7.4,420,3.1,SAFE
Sekmai,6.3,610,6.0,UNSAFE
Langthabal,7.2,440,3.6,SAFE
Lamlai,7.1,450,3.9,SAFE
Wangoi,6.2,630,6.4,UNSAFE
Konthoujam,7.3,420,3.3,SAFE
Khurai,7.4,410,3.0,SAFE
Singjamei,7.2,440,3.7,SAFE
Patsoi,6.3,600,5.8,UNSAFE
Salungpham,7.3,430,3.5,SAFE
Oinam,6.2,620,6.3,UNSAFE
Ningthoukhong,7.1,460,4.0,SAFE
Keirao,7.2,440,3.8,SAFE
Kakching_Khunou,6.3,610,6.1,UNSAFE
Thanga,7.3,420,3.2,SAFE
Langmeidong,7.4,410,2.9,SAFE
Leimakhong,7.2,440,3.6,SAFE
Machi,6.1,650,6.7,UNSAFE
Saikul,7.3,430,3.4,SAFE
Maram,7.2,440,3.7,SAFE
Karong,6.2,620,6.3,UNSAFE
Tadubi,7.1,450,3.9,SAFE
Kasom_Khullen,6.3,600,5.8,UNSAFE
Phungyar,7.2,440,3.6,SAFE
Jessami,6.1,640,6.6,UNSAFE
Chingai,7.3,420,3.3,SAFE
Kangvai,7.2,440,3.7,SAFE
Saikot,6.2,630,6.2,UNSAFE
Thanlon,7.3,430,3.4,SAFE
Tipaimukh,6.0,670,7.2,UNSAFE
Parbung,7.1,460,4.0,SAFE
Nungba,6.3,610,6.0,UNSAFE
Tamei,7.2,440,3.6,SAFE
Henglep,6.2,620,6.3,UNSAFE
Boljang,7.3,420,3.2,SAFE
Molcham,7.1,450,3.8,SAFE
Chakpikarong,6.1,650,6.8,UNSAFE
Khengjoi,7.2,440,3.7,SAFE
Samulamlan,6.3,600,5.9,UNSAFE
Ampati,7.2,440,3.6,SAFE
Baghmara,6.3,610,6.1,UNSAFE
Cherrapunji_Sohra,7.4,420,3.1,SAFE
Dadenggre,6.2,630,6.3,UNSAFE
Dalu,7.1,460,4.0,SAFE
Dawki,7.3,430,3.4,SAFE
Jowai,7.5,410,2.9,SAFE
Khliehriat,6.2,620,6.4,UNSAFE
Mairang,7.2,440,3.7,SAFE
Mawkyrwat,6.1,640,6.6,UNSAFE
Nongpoh,7.3,420,3.3,SAFE
Nongstoin,6.3,600,5.8,UNSAFE
Resubelpara,7.1,450,3.9,SAFE
Shillong,7.5,410,2.8,SAFE
Tura,7.4,420,3.0,SAFE
Umiam,7.2,440,3.6,SAFE
Williamnagar,6.3,610,6.0,UNSAFE
Amlarem,7.3,430,3.5,SAFE
Bholaganj,6.2,630,6.2,UNSAFE
Diengpasoh,7.4,420,3.1,SAFE
Garobadha,6.3,600,5.9,UNSAFE
Khasi_Hills_East,7.2,440,3.7,SAFE
Khasi_Hills_West,6.2,620,6.3,UNSAFE
Mawlai,7.3,420,3.2,SAFE
Mawpat,7.1,460,4.1,SAFE
Mawphlang,7.4,420,3.0,SAFE
Mawsynram,7.2,440,3.6,SAFE
Nongmynsong,6.3,610,6.1,UNSAFE
Pynthorumkhrah,7.3,430,3.4,SAFE
Rongram,6.1,650,6.7,UNSAFE
Rongjeng,7.2,440,3.8,SAFE
Rongkhon,7.1,450,3.9,SAFE
Rongara,6.2,620,6.4,UNSAFE
Selsella,7.3,420,3.3,SAFE
Shella,7.4,410,2.9,SAFE
Songsak,6.3,600,5.8,UNSAFE
Tikrikilla,7.2,440,3.6,SAFE
Umling,7.3,420,3.2,SAFE
Umsning,7.1,460,4.0,SAFE
Upper_Shilling,6.2,630,6.3,UNSAFE
Adokgre,7.2,440,3.7,SAFE
Bajengdoba,6.3,610,6.0,UNSAFE
Balat,7.3,430,3.5,SAFE
Chokpot,6.1,650,6.8,UNSAFE
Dainadubi,7.2,440,3.6,SAFE
Demdema,6.3,600,5.9,UNSAFE
Gaswani,7.4,420,3.1,SAFE
Jengjal,7.1,450,3.8,SAFE
Kharkutta,6.2,620,6.3,UNSAFE
Mahendraganj,7.3,420,3.2,SAFE
Mawhati,7.2,440,3.7,SAFE
Mawiong,6.3,610,6.1,UNSAFE
Mendipathar,7.4,410,3.0,SAFE
Mylliem,7.3,430,3.4,SAFE
Nartiang,7.2,440,3.6,SAFE
Nongthymmai,6.2,630,6.4,UNSAFE
Patharkhmah,7.3,420,3.3,SAFE
Raliang,6.3,600,5.8,UNSAFE
Ranikor,7.1,460,4.0,SAFE
Rongbang,7.2,440,3.7,SAFE
Rongmil,6.2,620,6.3,UNSAFE
Samanda,7.3,430,3.5,SAFE
Shangpung,7.4,420,3.0,SAFE
Smit,7.2,440,3.6,SAFE
Sohiong,6.3,610,6.1,UNSAFE
Tyrna,7.3,420,3.2,SAFE
Umsaw,7.1,450,3.9,SAFE
Wahiajer,6.2,630,6.4,UNSAFE
War_Jaintia,7.3,430,3.4,SAFE
War_Mawlong,7.2,440,3.6,SAFE
Borsora,6.1,650,6.7,UNSAFE
Chandigre,7.2,440,3.8,SAFE
Daram,6.3,600,5.9,UNSAFE
Darranggre,7.3,420,3.3,SAFE
Gambegre,7.4,410,3.0,SAFE
Kherapara,7.2,440,3.6,SAFE
Kongong,6.2,620,6.3,UNSAFE
Mangsang,7.3,430,3.5,SAFE
Mawryngkneng,7.2,440,3.7,SAFE
Nonglang,6.3,610,6.0,UNSAFE
Nongtalang,7.3,420,3.2,SAFE
Paham_Syiem,7.4,420,3.1,SAFE
Rangblang,6.2,630,6.4,UNSAFE
Rymbai,7.2,440,3.6,SAFE
Sutnga,7.1,460,4.1,SAFE
Thadlaskein,7.4,420,3.0,SAFE
Ummulong,7.2,440,3.7,SAFE
Wapung,6.3,600,5.8,UNSAFE
Mawshynrut,7.3,430,3.4,SAFE
Mawthadraishan,6.2,620,6.3,UNSAFE
Nongjri,7.2,440,3.6,SAFE
Pynursla,7.4,410,3.0,SAFE
Rongshram,6.3,610,6.1,UNSAFE
Siejlieh,7.3,420,3.2,SAFE
Sohbar,7.2,440,3.7,SAFE
Umdohkha,6.2,630,6.4,UNSAFE
Umroi,7.4,420,3.1,SAFE
Aizawl,7.2,420,3.2,SAFE
Lunglei,6.8,380,2.9,SAFE
Champhai,6.1,610,6.3,UNSAFE
Serchhip,7.5,450,4.1,SAFE
Kolasib,8.2,480,4.7,SAFE
Lawngtlai,6.3,590,5.8,UNSAFE
Mamit,7.0,430,3.5,SAFE
Saiha,6.6,470,4.3,SAFE
Hnahthial,5.9,640,7.1,UNSAFE
Saitual,7.4,410,3.0,SAFE
Khawzawl,7.1,420,3.4,SAFE
Biate,6.2,600,6.2,UNSAFE
Thenzawl,7.6,390,2.8,SAFE
Vairengte,8.3,460,4.5,SAFE
Zawlnuam,6.0,680,7.3,UNSAFE
Lengpui,7.3,440,3.9,SAFE
Darlawn,6.7,480,4.4,SAFE
Tlabung,6.4,570,5.6,UNSAFE
North Vanlaiphai,7.8,400,3.1,SAFE
South Vanlaiphai,7.0,430,3.6,SAFE
Thingsulthliah,6.1,620,6.5,UNSAFE
Kawnpui,7.4,450,4.2,SAFE
Bilkhawthlir,8.0,470,4.6,SAFE
Sairang,6.3,600,6.1,UNSAFE
Seling,7.2,420,3.3,SAFE
Reiek,6.9,390,2.7,SAFE
Hmuifang,5.8,650,7.0,UNSAFE
Sialsuk,7.6,440,4.0,SAFE
Pukzing,7.3,410,3.2,SAFE
Dawrpui,6.2,610,6.4,UNSAFE
Chhinga Veng,7.7,430,3.8,SAFE
Tuikual,8.1,480,4.8,SAFE
Ramhlun,6.0,670,7.2,UNSAFE
Bawngkawn,7.1,400,3.1,SAFE
Chanmari,6.8,460,4.3,SAFE
Zemabawk,6.4,560,5.4,UNSAFE
Durtlang,7.5,420,3.4,SAFE
Tanhril,7.0,390,2.9,SAFE
Bethlehem Veng,6.2,630,6.6,UNSAFE
Khatla,7.8,450,4.2,SAFE
Electric Veng,7.2,410,3.0,SAFE
Republic Veng,6.1,640,6.9,UNSAFE
Mission Veng,7.6,430,3.7,SAFE
Treasury Square,8.4,490,4.9,SAFE
Laipuitlang,6.3,580,5.7,UNSAFE
Dawrpui Veng,7.3,420,3.5,SAFE
Zarkawt,6.9,470,4.4,SAFE
Kulikawn,6.0,660,7.0,UNSAFE
Luangmual,7.7,400,2.8,SAFE
Chaltlang,7.1,430,3.6,SAFE
Edenthar,6.2,610,6.3,UNSAFE
Phullen,7.4,440,4.0,SAFE
Sihphir,8.0,460,4.6,SAFE
Sialsir,6.3,590,5.9,UNSAFE
Darlak,7.2,410,3.3,SAFE
Keifang,6.8,390,2.6,SAFE
Bungtlang,5.9,650,7.1,UNSAFE
Zokhawthar,7.6,420,3.9,SAFE
Ngopa,7.3,430,3.4,SAFE
Khawbung,6.1,620,6.8,UNSAFE
Hnahlan,7.8,450,4.3,SAFE
Vaiphai,8.2,480,4.7,SAFE
Vaphai,6.0,670,7.2,UNSAFE
Leithum,7.1,400,3.1,SAFE
Chawngte,6.7,460,4.2,SAFE
Borapansury,6.4,560,5.5,UNSAFE
Zote,7.5,420,3.2,SAFE
Rangvamual,7.0,390,2.8,SAFE
Zonuam,6.2,630,6.7,UNSAFE
Saikah,7.7,440,3.9,SAFE
Lallen,7.3,420,3.3,SAFE
Pawlrang,6.1,640,6.9,UNSAFE
Bawngkawn South,7.6,430,3.8,SAFE
Chite,8.1,480,4.5,SAFE
Sakawrtuichhun,6.3,590,5.8,UNSAFE
Khawruhlian,7.2,410,3.1,SAFE
Tualbung,6.8,390,2.7,SAFE
Zemabawk North,5.9,660,7.0,UNSAFE
Ngharchhip,7.4,420,3.6,SAFE
Chawilung,7.0,430,3.4,SAFE
Zawngin,6.2,610,6.4,UNSAFE
Lungpher,7.8,450,4.2,SAFE
Bunghmun,8.0,470,4.8,SAFE
Serkhan,6.1,650,6.9,UNSAFE
Thingdawl,7.3,440,3.5,SAFE
Zohmun,6.9,460,4.3,SAFE
Pangzawl,6.4,580,5.6,UNSAFE
Kawnmawi,7.6,420,3.0,SAFE
Tuirial,7.2,400,2.9,SAFE
Kanghmun,6.1,620,6.6,UNSAFE
Rengdil,7.5,450,4.1,SAFE
Chhipphir,7.1,430,3.3,SAFE
Sateek,6.3,600,6.2,UNSAFE
Hmunpui,7.7,410,3.4,SAFE
Hmunpui West,8.2,480,4.7,SAFE
Lungdai,6.0,670,7.2,UNSAFE
Sakawrdai,7.4,440,3.9,SAFE
Kawrthah,6.8,390,2.8,SAFE
Bairabi,6.2,630,6.5,UNSAFE
Kohima,7.2,420,3.2,SAFE
Dimapur,7.1,450,3.8,SAFE
Mokokchung,6.2,610,6.1,UNSAFE
Tuensang,7.4,430,3.4,SAFE
Wokha,8.0,480,4.6,SAFE
Zunheboto,6.3,590,5.9,UNSAFE
Phek,7.3,410,3.0,SAFE
Mon,6.1,640,6.8,UNSAFE
Kiphire,6.8,470,4.2,SAFE
Longleng,7.6,390,2.8,SAFE
Peren,6.4,560,5.5,UNSAFE
Chumukedima,7.5,420,3.3,SAFE
Niuland,7.0,430,3.6,SAFE
Tseminyu,6.2,620,6.3,UNSAFE
Medziphema,7.7,440,3.9,SAFE
Pfutsero,7.2,410,3.1,SAFE
Tuli,6.0,660,7.0,UNSAFE
Aboi,7.4,450,4.0,SAFE
Changtongya,6.9,480,4.4,SAFE
Meluri,6.3,600,6.2,UNSAFE
Pughoboto,7.8,400,3.0,SAFE
Bhandari,7.1,420,3.5,SAFE
Sanis,6.1,630,6.6,UNSAFE
Tizit,7.6,430,3.7,SAFE
Naginimora,8.2,490,4.8,SAFE
Aghunato,6.4,580,5.7,UNSAFE
Chessore,7.3,420,3.2,SAFE
Longkhim,7.0,390,2.9,SAFE
Noklak,6.2,610,6.4,UNSAFE
Sitimi,7.7,440,4.1,SAFE
Seyochung,7.2,410,3.3,SAFE
Shamator,6.0,670,7.1,UNSAFE
Yisemyong,7.5,420,3.6,SAFE
Mangkolemba,6.8,460,4.3,SAFE
Angetyongpang,6.3,590,5.8,UNSAFE
Merangmen,7.4,430,3.4,SAFE
Chuchuyimlang,7.1,400,3.0,SAFE
Kubolong,6.2,640,6.7,UNSAFE
Longsa,7.6,440,3.9,SAFE
Ungma,8.0,470,4.5,SAFE
Tsurangkong,6.4,560,5.4,UNSAFE
Aliba,7.3,420,3.1,SAFE
Longjang,6.9,390,2.8,SAFE
Khensa,6.1,620,6.5,UNSAFE
Akuluto,7.8,450,4.2,SAFE
Satakha,7.2,430,3.6,SAFE
Asukhuto,6.3,600,6.3,UNSAFE
Suruhuto,7.5,420,3.2,SAFE
Atoizu,7.0,410,3.4,SAFE
Ghathashi,6.0,660,7.0,UNSAFE
Viswema,7.6,440,4.0,SAFE
Jakhama,7.3,430,3.5,SAFE
Kigwema,6.2,630,6.6,UNSAFE
Chiephobozou,7.7,400,3.0,SAFE
Botsa,7.1,420,3.3,SAFE
Sechu,6.4,580,5.6,UNSAFE
Touphema,7.8,450,4.3,SAFE
Khonoma,7.2,410,3.1,SAFE
Mezoma,6.1,640,6.9,UNSAFE
Peducha,7.4,440,3.9,SAFE
Zhadima,8.1,480,4.7,SAFE
Piphema,6.3,590,5.9,UNSAFE
Tsiesema,7.5,420,3.4,SAFE
Terogvunyu,7.0,390,2.9,SAFE
Ruzaphema,6.2,610,6.4,UNSAFE
Phek Town,7.6,430,3.8,SAFE
Chozuba,7.3,410,3.2,SAFE
Khezhakeno,6.0,670,7.2,UNSAFE
Phor,7.7,440,4.1,SAFE
Chungtia,7.1,420,3.5,SAFE
Longmisa,6.3,600,6.2,UNSAFE
Yimchungru,7.8,450,4.4,SAFE
Longmatra,7.2,430,3.6,SAFE
Sangtam,6.4,560,5.5,UNSAFE
Chessore Town,7.5,420,3.3,SAFE
Kiphire Town,7.0,400,2.8,SAFE
Pungro,6.2,630,6.7,UNSAFE
Sitimi Town,7.6,440,4.0,SAFE
Saramati Base,7.3,420,3.4,SAFE
Thanamir,6.1,650,6.9,UNSAFE
Wokha Town,7.4,450,4.1,SAFE
Baghty,6.9,470,4.3,SAFE
Englan,6.3,590,5.8,UNSAFE
Changpang,7.7,400,3.0,SAFE
Bokajan Border,7.2,410,3.2,SAFE
Merapani,6.0,660,7.1,UNSAFE
Tuli Town,7.5,420,3.5,SAFE
Mopungchuket,7.1,430,3.7,SAFE
Chare,6.2,620,6.4,UNSAFE
Nokyan,7.6,440,3.9,SAFE
Angjangyang,8.0,480,4.6,SAFE
Wakching,6.3,600,6.3,UNSAFE
Aboi Town,7.4,450,4.2,SAFE
Tizit Town,7.0,390,2.9,SAFE
Chenmoho,6.1,640,6.8,UNSAFE
Naginimora Town,7.7,430,3.6,SAFE
Tamlu,7.2,410,3.1,SAFE
Longleng Town,6.4,570,5.6,UNSAFE
Yachem,7.5,420,3.4,SAFE
Buranamsang,7.1,430,3.8,SAFEBhubaneswar,7.3,420,3.1,SAFE
Cuttack,7.1,460,3.8,SAFE
Puri,6.2,610,6.2,UNSAFE
Rourkela,7.6,440,3.9,SAFE
Sambalpur,8.0,480,4.5,SAFE
Berhampur,6.3,590,5.8,UNSAFE
Balasore,7.2,410,3.0,SAFE
Bhadrak,6.1,640,6.7,UNSAFE
Baripada,6.9,470,4.3,SAFE
Jharsuguda,7.5,390,2.8,SAFE
Jeypore,6.4,560,5.6,UNSAFE
Angul,7.4,430,3.4,SAFE
Dhenkanal,7.0,420,3.5,SAFE
Koraput,6.2,620,6.4,UNSAFE
Rayagada,7.7,440,4.0,SAFE
Kendrapara,7.2,410,3.2,SAFE
Jagatsinghpur,6.0,660,7.0,UNSAFE
Paradeep,7.6,450,4.1,SAFE
Kendujhar,6.8,480,4.4,SAFE
Sundargarh,6.3,600,6.3,UNSAFE
Bargarh,7.8,400,3.1,SAFE
Balangir,7.1,430,3.6,SAFE
Nuapada,6.1,630,6.8,UNSAFE
Subarnapur,7.5,420,3.3,SAFE
Kalahandi,7.3,410,3.0,SAFE
Nabarangpur,6.4,570,5.5,UNSAFE
Malkangiri,6.0,670,7.2,UNSAFE
Ganjam,7.4,440,3.9,SAFE
Gajapati,7.0,390,2.9,SAFE
Mayurbhanj,6.2,610,6.5,UNSAFE
Khordha,7.6,430,3.8,SAFE
Nayagarh,7.2,420,3.4,SAFE
Kandhamal,6.3,590,5.9,UNSAFE
Deogarh,7.7,400,3.0,SAFE
Jajpur,7.1,410,3.2,SAFE
Boudh,6.1,640,6.9,UNSAFE
Phulbani,7.5,450,4.2,SAFE
Chandbali,7.0,430,3.6,SAFE
Dhamra,6.2,620,6.3,UNSAFE
Talcher,7.8,480,4.7,SAFE
Hirakud,7.3,420,3.5,SAFE
Burla,7.1,400,3.0,SAFE
Choudwar,6.4,580,5.7,UNSAFE
Jatni,7.6,440,3.9,SAFE
Pipili,7.2,410,3.3,SAFE
Khurda Town,6.0,660,7.1,UNSAFE
Banapur,7.4,450,4.1,SAFE
Aska,7.0,390,2.8,SAFE
Chatrapur,6.3,600,6.4,UNSAFE
Bhanjanagar,7.5,420,3.2,SAFE
Digapahandi,7.2,430,3.7,SAFE
Parlakhemundi,6.1,630,6.6,UNSAFE
Gunupur,7.7,440,4.0,SAFE
Umarkote,7.3,410,3.1,SAFE
Jeypore Town,6.2,610,6.5,UNSAFE
Sunabeda,7.6,430,3.8,SAFE
Koraput Town,7.0,420,3.4,SAFE
Kotpad,6.4,560,5.6,UNSAFE
Malkangiri Town,6.0,670,7.2,UNSAFE
Padampur,7.4,450,4.3,SAFE
Sohela,7.1,430,3.6,SAFE
Titlagarh,6.2,620,6.4,UNSAFE
Patnagarh,7.8,400,3.0,SAFE
Loisingha,7.3,420,3.5,SAFE
Kantabanji,6.1,640,6.8,UNSAFE
Sonepur,7.6,440,3.9,SAFE
Birmaharajpur,7.0,390,2.9,SAFE
Rairakhol,6.3,590,5.9,UNSAFE
Kuchinda,7.5,420,3.2,SAFE
Sundargarh Town,7.2,410,3.3,SAFE
Rajgangpur,6.2,610,6.6,UNSAFE
Biramitrapur,7.7,440,4.1,SAFE
Bonai,7.3,420,3.4,SAFE
Lahunipara,6.4,570,5.5,UNSAFE
Karanjia,7.4,450,4.2,SAFE
Rairangpur,7.0,430,3.6,SAFE
Udala,6.1,630,6.7,UNSAFE
Jashipur,7.6,440,3.9,SAFE
Betnoti,7.2,410,3.1,SAFE
Basudevpur,6.3,600,6.3,UNSAFE
Bhograi,7.8,480,4.6,SAFE
Remuna,7.3,420,3.5,SAFE
Nilagiri,6.2,620,6.5,UNSAFE
Soro,7.5,430,3.8,SAFE
Basta,7.1,400,3.0,SAFE
Dharamgarh,6.4,580,5.7,UNSAFE
Junagarh,7.6,440,3.9,SAFE
Kesinga,7.2,410,3.3,SAFE
Khariar,6.1,640,6.9,UNSAFE
Khariar Road,7.4,450,4.1,SAFE
Nawapara,7.0,390,2.8,SAFE
Dabugaon,6.2,610,6.4,UNSAFE
Jharigaon,7.5,420,3.2,SAFE
Papadahandi,7.3,430,3.6,SAFE
Tentulikhunti,6.0,660,7.0,UNSAFE
Chandahandi,7.7,440,4.0,SAFE
Kosagumuda,7.2,410,3.1,SAFE
Amritsar,7.4,430,3.2,SAFE
Ludhiana,7.1,460,3.9,SAFE
Jalandhar,6.2,610,6.4,UNSAFE
Patiala,7.6,440,3.8,SAFE
Bathinda,8.0,480,4.6,SAFE
Mohali,7.3,420,3.1,SAFE
Hoshiarpur,6.3,590,5.8,UNSAFE
Pathankot,7.2,410,3.0,SAFE
Moga,6.1,640,6.9,UNSAFE
Firozpur,7.5,450,4.2,SAFE
Kapurthala,7.0,430,3.6,SAFE
Abohar,6.4,560,5.5,UNSAFE
Malerkotla,7.7,440,3.9,SAFE
Batala,7.2,410,3.3,SAFE
Barnala,6.0,660,7.1,UNSAFE
Faridkot,7.4,450,4.1,SAFE
Gurdaspur,6.8,470,4.3,SAFE
Sangrur,6.3,600,6.3,UNSAFE
Nabha,7.8,400,3.0,SAFE
Tarn Taran,7.1,420,3.4,SAFE
Rajpura,6.2,630,6.6,UNSAFE
Phagwara,7.6,440,4.0,SAFE
Khanna,7.3,410,3.2,SAFE
Zirakpur,6.1,650,6.8,UNSAFE
Kharar,7.5,420,3.5,SAFE
Sunam,7.0,390,2.9,SAFE
Jagraon,6.4,580,5.7,UNSAFE
Mansa,7.4,450,4.3,SAFE
Kotkapura,7.2,430,3.6,SAFE
Muktsar,6.2,620,6.5,UNSAFE
Fazilka,7.7,440,3.8,SAFE
Jalalabad,7.1,410,3.1,SAFE
Rupnagar,6.3,600,6.4,UNSAFE
Anandpur Sahib,7.6,430,3.7,SAFE
Nangal,7.3,420,3.3,SAFE
Talwara,6.0,670,7.2,UNSAFE
Dasuya,7.4,450,4.1,SAFE
Garhshankar,7.0,390,2.8,SAFE
Mukerian,6.1,640,6.9,UNSAFE
Dera Bassi,7.8,480,4.7,SAFE
Morinda,7.2,410,3.2,SAFE
Kurali,6.4,560,5.6,UNSAFE
Bassi Pathana,7.5,420,3.4,SAFE
Sirhind,7.1,430,3.5,SAFE
Samrala,6.2,610,6.6,UNSAFE
Raikot,7.6,440,3.9,SAFE
Machhiwara,7.3,410,3.0,SAFE
Payal,6.0,660,7.0,UNSAFE
Doraha,7.4,450,4.2,SAFE
Ahmedgarh,7.0,430,3.6,SAFE
Dhuri,6.3,590,5.9,UNSAFE
Malout,7.7,440,3.8,SAFE
Gidderbaha,7.2,410,3.1,SAFE
Bhawanigarh,6.1,630,6.7,UNSAFE
Lehragaga,7.5,420,3.3,SAFE
Moonak,7.0,390,2.9,SAFE
Budhlada,6.4,570,5.5,UNSAFE
Bhikhi,7.4,450,4.0,SAFE
Rampura Phul,7.2,430,3.4,SAFE
Maur,6.2,620,6.4,UNSAFE
Talwandi Sabo,7.8,480,4.6,SAFE
Raman,7.1,410,3.2,SAFE
Goniana,6.3,600,6.3,UNSAFE
Phul,7.6,440,3.7,SAFE
Bhucho Mandi,7.3,420,3.1,SAFE
Khemkaran,6.0,670,7.1,UNSAFE
Patti,7.4,450,4.1,SAFE
Bhikhiwind,7.0,390,2.8,SAFE
Zira,6.1,640,6.8,UNSAFE
Guru Har Sahai,7.7,440,3.9,SAFE
Makhu,7.2,410,3.3,SAFE
Bhulath,6.4,580,5.6,UNSAFE
Sultanpur Lodhi,7.5,420,3.5,SAFE
Nakodar,7.1,430,3.6,SAFE
Shahkot,6.2,610,6.5,UNSAFE
Kartarpur,7.6,440,4.0,SAFE
Adampur,7.3,410,3.2,SAFE
Phillaur,6.1,650,6.9,UNSAFE
Goraya,7.4,450,4.3,SAFE
Nurmahal,7.0,390,2.9,SAFE
Bilga,6.3,600,6.2,UNSAFE
Hariana,7.7,440,3.8,SAFE
Garhdiwala,7.2,410,3.1,SAFE
Tanda,6.4,560,5.7,UNSAFE
Begowal,7.5,420,3.4,SAFE
Dhilwan,7.1,430,3.5,SAFE
Banga,6.2,620,6.6,UNSAFE
Nawanshahr,7.6,440,3.9,SAFE
Rahon,7.3,420,3.2,SAFE
Balachaur,6.0,660,7.0,UNSAFE
Chamkaur Sahib,7.4,450,4.2,SAFE
Morinda Road,7.0,390,2.8,SAFE
Ropar Town,6.1,640,6.8,UNSAFE
Sri Hargobindpur,7.7,440,3.9,SAFE
Dinanagar,7.2,410,3.3,SAFE
Qadian,6.3,590,5.9,UNSAFE
Batala Road,7.5,420,3.4,SAFE
Fatehgarh Churian,7.1,430,3.6,SAFE
Dhariwal,6.2,610,6.4,UNSAFE
Jaipur,7.5,440,3.2,SAFE
Jodhpur,8.1,480,4.6,SAFE
Udaipur,7.2,420,3.0,SAFE
Kota,6.3,610,6.2,UNSAFE
Bikaner,8.3,490,4.8,SAFE
Ajmer,7.4,430,3.5,SAFE
Alwar,6.2,620,6.5,UNSAFE
Bharatpur,7.6,450,4.0,SAFE
Sikar,7.1,410,3.1,SAFE
Pali,6.4,560,5.7,UNSAFE
Sri Ganganagar,7.8,480,4.4,SAFE
Bhilwara,7.3,420,3.3,SAFE
Tonk,6.1,640,6.9,UNSAFE
Churu,7.7,440,3.8,SAFE
Jhunjhunu,7.2,410,3.2,SAFE
Nagaur,6.0,670,7.1,UNSAFE
Barmer,8.0,470,4.5,SAFE
Jaisalmer,8.4,495,4.9,SAFE
Banswara,7.0,430,3.6,SAFE
Dungarpur,6.2,630,6.4,UNSAFE
Hanumangarh,7.5,450,4.1,SAFE
Dholpur,7.1,420,3.4,SAFE
Karauli,6.3,600,6.3,UNSAFE
Sawai Madhopur,7.6,440,3.9,SAFE
Baran,7.2,410,3.0,SAFE
Jhalawar,6.4,570,5.5,UNSAFE
Pratapgarh,7.4,430,3.5,SAFE
Rajsamand,7.0,390,2.8,SAFE
Chittorgarh,6.1,650,6.8,UNSAFE
Abu Road,7.7,440,4.0,SAFE
Mount Abu,7.3,420,3.2,SAFE
Falna,6.2,610,6.6,UNSAFE
Balotra,8.2,480,4.7,SAFE
Jalore,7.5,450,4.2,SAFE
Sirohi,7.1,410,3.3,SAFE
Neemrana,6.4,560,5.8,UNSAFE
Behror,7.6,440,3.9,SAFE
Kotputli,7.2,420,3.4,SAFE
Shahpura Jaipur,6.3,590,5.9,UNSAFE
Dausa,7.4,430,3.6,SAFE
Bandikui,7.0,390,2.9,SAFE
Lalsot,6.2,620,6.5,UNSAFE
Mahwa,7.7,440,3.8,SAFE
Bassi,7.3,420,3.1,SAFE
Chaksu,6.1,640,6.9,UNSAFE
Kishangarh,7.5,450,4.0,SAFE
Nasirabad,7.2,410,3.2,SAFE
Beawar,6.4,580,5.6,UNSAFE
Kekri,7.6,440,3.9,SAFE
Pushkar,7.3,420,3.3,SAFE
Didwana,8.1,480,4.6,SAFE
Ladnun,7.0,430,3.5,SAFE
Merta City,6.3,600,6.2,UNSAFE
Makrana,7.4,450,4.1,SAFE
Kuchaman City,7.2,410,3.0,SAFE
Parbatsar,6.1,650,6.8,UNSAFE
Nawa,7.7,440,3.8,SAFE
Phulera,7.3,420,3.4,SAFE
Sambhar,8.4,495,4.9,SAFE
Jobner,7.1,410,3.2,SAFE
Tijara,6.2,620,6.6,UNSAFE
Khairthal,7.6,440,3.9,SAFE
Bhiwadi,7.4,430,3.6,SAFE
Kherli,6.3,590,5.8,UNSAFE
Nadbai,7.5,450,4.2,SAFE
Deeg,7.2,410,3.1,SAFE
Kaman,6.0,660,7.0,UNSAFE
Bayana,7.7,440,3.8,SAFE
Hindaun,7.3,420,3.3,SAFE
Todabhim,6.2,610,6.4,UNSAFE
Gangapur City,7.6,440,3.9,SAFE
Uniara,7.1,410,3.2,SAFE
Malpura,6.4,570,5.5,UNSAFE
Niwai,7.5,450,4.1,SAFE
Todaraisingh,7.2,420,3.4,SAFE
Deoli,6.1,640,6.9,UNSAFE
Bundi,7.4,430,3.5,SAFE
Nainwa,7.0,390,2.8,SAFE
Keshoraipatan,6.3,600,6.3,UNSAFE
Ramganj Mandi,7.7,440,3.9,SAFE
Sangod,7.3,420,3.2,SAFE
Anta,6.2,620,6.5,UNSAFE
Mangrol Baran,7.6,440,4.0,SAFE
Chhabra,7.1,410,3.1,SAFE
Atru,6.4,560,5.7,UNSAFE
Jhalrapatan,7.5,450,4.2,SAFE
Pirawa,7.2,410,3.0,SAFE
Aklera,6.1,650,6.8,UNSAFE
Manohar Thana,7.7,440,3.8,SAFE
Bhawani Mandi,7.3,420,3.3,SAFE
Rawatbhata,6.3,590,5.9,UNSAFE
Kapasan,7.4,430,3.6,SAFE
Nimbahera,7.2,410,3.2,SAFE
Begun,6.1,630,6.7,UNSAFE
Amet,7.6,440,3.9,SAFE
Kumbhalgarh,7.3,420,3.4,SAFE
Salumbar,6.4,580,5.6,UNSAFE
Sagwara,7.5,450,4.1,SAFE
Kushalgarh,7.2,410,3.1,SAFE
Gangtok,7.2,420,3.1,SAFE
Namchi,7.0,430,3.5,SAFE
Gyalshing,6.2,610,6.3,UNSAFE
Mangan,7.6,440,3.9,SAFE
Rangpo,7.3,410,3.0,SAFE
Singtam,6.4,560,5.6,UNSAFE
Jorethang,7.5,450,4.1,SAFE
Pakyong,7.1,420,3.2,SAFE
Ravangla,6.1,640,6.8,UNSAFE
Yuksom,7.7,400,2.8,SAFE
Soreng,7.2,410,3.3,SAFE
Rhenock,6.3,600,6.2,UNSAFE
Melli,7.4,430,3.6,SAFE
Dentam,7.0,390,2.9,SAFE
Dzongu,6.0,670,7.1,UNSAFE
Lachen,7.6,440,3.8,SAFE
Lachung,7.3,420,3.4,SAFE
Chungthang,6.2,620,6.5,UNSAFE
Yangang,7.5,450,4.0,SAFE
Namthang,7.1,410,3.1,SAFE
Sombaria,6.4,580,5.7,UNSAFE
Bermiok,7.6,440,3.9,SAFE
Legship,7.2,420,3.2,SAFE
Hee Bermiok,6.1,650,6.9,UNSAFE
Tashiding,7.7,400,3.0,SAFE
Pelling,7.3,410,3.4,SAFE
Kaluk,6.3,590,5.8,UNSAFE
Rinchenpong,7.4,430,3.5,SAFE
Okhrey,7.0,390,2.8,SAFE
Darap,6.2,610,6.4,UNSAFE
Kabi,7.6,440,3.8,SAFE
Phodong,7.2,420,3.1,SAFE
Mangan Bazar,6.4,560,5.6,UNSAFE
Dikchu,7.5,450,4.2,SAFE
Makha,7.1,410,3.3,SAFE
Rongli,6.0,660,7.0,UNSAFE
Aritar,7.7,440,3.9,SAFE
Zuluk,7.3,420,3.4,SAFE
Kupup,6.2,620,6.6,UNSAFE
Gnathang,7.6,430,3.7,SAFE
Padamchen,7.2,410,3.0,SAFE
Rorathang,6.3,600,6.3,UNSAFE
Sajong,7.4,450,4.1,SAFE
Pakyong Town,7.0,390,2.9,SAFE
Assam Lingzey,6.1,640,6.8,UNSAFE
Tumin,7.5,420,3.3,SAFE
Samdong,7.2,410,3.2,SAFE
Lingmoo,6.4,570,5.5,UNSAFE
Rateypani,7.6,440,3.9,SAFE
Rangrang,7.3,420,3.4,SAFE
Singhik,6.2,610,6.5,UNSAFE
Toong,7.7,400,2.8,SAFE
Mangan North,7.1,430,3.6,SAFE
Shipgyer,6.3,590,5.9,UNSAFE
Pentong,7.4,450,4.0,SAFE
Lingthem,7.2,410,3.1,SAFE
Passingdang,6.0,670,7.2,UNSAFE
Chungthang Town,7.6,440,3.8,SAFE
Lachung Town,7.3,420,3.3,SAFE
Lachen Town,6.4,560,5.7,UNSAFE
Yumthang,7.5,450,4.2,SAFE
Thangu,7.0,390,2.9,SAFE
Chopta Valley,6.1,630,6.7,UNSAFE
Dzongu North,7.7,440,3.9,SAFE
Dzongu South,7.2,410,3.2,SAFE
Lingdok,6.3,600,6.4,UNSAFE
Tathangchen,7.4,430,3.5,SAFE
Namcheybong,7.1,420,3.1,SAFE
Burtuk,6.2,620,6.6,UNSAFE
Deorali,7.6,440,3.8,SAFE
Tadong,7.3,420,3.4,SAFE
Ranipool,6.4,580,5.6,UNSAFE
Lower Tadong,7.5,450,4.1,SAFE
Upper Tadong,7.2,410,3.0,SAFE
Syari,6.1,650,6.9,UNSAFE
Sichey,7.7,440,3.9,SAFE
Development Area,7.3,420,3.3,SAFE
Bojoghari,6.3,590,5.8,UNSAFE
Arithang,7.4,430,3.6,SAFE
Tintek,7.0,390,2.8,SAFE
Majhitar,6.2,610,6.5,UNSAFE
Reshithang,7.6,440,3.8,SAFE
Singtam Bazar,7.2,410,3.2,SAFE
Temi,6.4,560,5.7,UNSAFE
Temi Tea Garden,7.5,450,4.0,SAFE
Namphing,7.1,420,3.4,SAFE
Kitam,6.0,660,7.1,UNSAFE
Mamring,7.7,440,3.9,SAFE
Namthang Bazaar,7.3,420,3.2,SAFE
Tarku,6.2,620,6.6,UNSAFE
Rateypani South,7.6,430,3.7,SAFE
Namchi Bazaar,7.2,410,3.1,SAFE
Melli Bazaar,6.3,600,6.3,UNSAFE
Jorethang Bazaar,7.4,450,4.1,SAFE
Ravangla Bazaar,7.0,390,2.9,SAFE
Yangang Bazaar,6.1,640,6.8,UNSAFE
Sumbuk,7.5,420,3.3,SAFE
Turuk,7.2,410,3.0,SAFE
Wok,6.4,580,5.6,UNSAFE
Sadam,7.6,440,3.9,SAFE
Yuksom_1,7.4,298,2.9,16.8,SAFE
Dentam_2,6.5,575,6.3,18.6,UNSAFE
Lachen_3,7.1,330,3.4,12.9,SAFE
Lachung_4,8.5,735,7.1,11.7,UNSAFE
Chungthang_5,7.3,310,3.2,14.5,SAFE
Dzongu_6,6.6,540,5.9,15.2,UNSAFE
Rhenock_7,7.0,360,3.7,19.1,SAFE
Aritar_8,8.1,695,6.8,18.4,UNSAFE
Yangang_9,7.2,295,2.8,17.3,SAFE
Majitar_10,6.9,510,5.4,20.2,UNSAFE
Namchi_11,7.5,305,3.1,19.5,SAFE
Ravangla_12,6.7,560,6.1,18.1,UNSAFE
Singtam_13,7.3,340,3.5,21.0,SAFE
Melli_14,8.3,710,7.0,22.4,UNSAFE
Jorethang_15,7.1,325,3.0,23.1,SAFE
Soreng_16,6.8,525,5.6,20.3,UNSAFE
Gyalshing_17,7.4,300,2.7,17.9,SAFE
Pelling_18,8.2,690,6.9,16.4,UNSAFE
Legship_19,7.0,355,3.6,21.5,SAFE
HeeBermiok_20,6.6,545,5.8,18.8,UNSAFE
Mangan_21,7.2,320,3.3,15.6,SAFE
Phodong_22,8.0,705,7.2,14.7,UNSAFE
Rangpo_23,7.3,310,2.9,24.1,SAFE
Pakyong_24,6.9,530,5.5,22.0,UNSAFE
Ranipool_25,7.4,290,2.6,23.4,SAFE
GangtokEast_26,8.4,720,7.4,19.8,UNSAFE
GangtokWest_27,7.1,345,3.4,20.5,SAFE
GangtokNorth_28,6.5,560,6.2,17.6,UNSAFE
GangtokSouth_29,7.3,315,3.2,21.3,SAFE
Tadong_30,8.2,700,6.7,22.8,UNSAFE
Sombaria_31,7.2,305,3.1,18.7,SAFE
Okhrey_32,6.8,515,5.3,17.5,UNSAFE
Kaluk_33,7.5,295,2.8,16.9,SAFE
Rangrang_34,8.1,685,6.6,15.2,UNSAFE
Sakhu_35,7.0,335,3.5,20.6,SAFE
Pangthang_36,6.7,550,5.7,19.0,UNSAFE
Makha_37,7.4,300,2.9,21.1,SAFE
Lingdok_38,8.3,710,7.1,18.4,UNSAFE
Kabi_39,7.2,325,3.3,17.8,SAFE
Singhik_40,6.6,540,6.0,14.3,UNSAFE
YuksomUpper_41,7.3,310,3.0,15.9,SAFE
YuksomLower_42,8.0,695,6.8,16.7,UNSAFE
DentamEast_43,7.1,350,3.6,18.2,SAFE
DentamWest_44,6.9,520,5.4,17.3,UNSAFE
LachenValley_45,7.5,290,2.7,11.8,SAFE
LachungValley_46,8.4,725,7.2,10.6,UNSAFE
ChungthangUpper_47,7.0,345,3.5,13.7,SAFE
ChungthangLower_48,6.8,535,5.9,14.9,UNSAFE
DzonguNorth_49,7.2,320,3.1,16.2,SAFE
DzonguSouth_50,8.2,705,6.9,17.4,UNSAFE
RhenockEast_51,7.4,300,2.9,19.6,SAFE
RhenockWest_52,6.7,545,5.7,18.5,UNSAFE
AritarLake_53,7.3,315,3.2,17.1,SAFE
AritarHill_54,8.1,690,6.7,18.0,UNSAFE
YangangUpper_55,7.2,330,3.4,16.5,SAFE
YangangLower_56,6.9,510,5.6,17.2,UNSAFE
MajitarTown_57,7.5,295,2.8,21.7,SAFE
MajitarValley_58,8.3,715,7.0,22.6,UNSAFE
NamchiCentral_59,7.1,340,3.3,20.1,SAFE
NamchiHill_60,6.8,525,5.5,19.4,UNSAFE
RavanglaUpper_61,7.4,305,3.0,18.6,SAFE
RavanglaLower_62,8.0,700,6.8,17.7,UNSAFE
SingtamEast_63,7.2,320,3.1,22.3,SAFE
SingtamWest_64,6.6,555,5.9,23.0,UNSAFE
MelliBridge_65,7.3,315,3.2,24.4,SAFE
MelliMarket_66,8.4,730,7.3,25.1,UNSAFE
JorethangUpper_67,7.5,300,2.9,23.5,SAFE
JorethangLower_68,6.7,540,5.8,22.6,UNSAFE
SorengTown_69,7.1,335,3.4,19.8,SAFE
SorengValley_70,8.2,710,6.9,20.7,UNSAFE
GyalshingUpper_71,7.4,295,2.8,18.4,SAFE
GyalshingLower_72,6.9,520,5.5,17.5,UNSAFE
PellingUpper_73,7.3,310,3.1,15.8,SAFE
PellingLower_74,8.1,705,6.7,16.3,UNSAFE
LegshipTown_75,7.2,325,3.3,21.0,SAFE
LegshipValley_76,6.8,545,5.6,20.2,UNSAFE
HeeBermiokUpper_77,7.5,290,2.7,17.0,SAFE
HeeBermiokLower_78,8.3,715,7.1,18.1,UNSAFE
ManganTown_79,7.1,345,3.5,15.3,SAFE
ManganValley_80,6.6,535,5.8,14.6,UNSAFE
PhodongUpper_81,7.4,300,2.9,13.9,SAFE
PhodongLower_82,8.0,690,6.6,14.8,UNSAFE
RangpoTown_83,7.2,320,3.2,24.0,SAFE
RangpoValley_84,6.9,525,5.4,23.2,UNSAFE
PakyongTown_85,7.3,315,3.1,22.5,SAFE
PakyongHill_86,8.2,705,6.8,21.6,UNSAFE
RanipoolUpper_87,7.5,295,2.7,23.7,SAFE
RanipoolLower_88,6.7,550,5.9,22.9,UNSAFE
TadongUpper_89,7.4,305,3.0,21.9,SAFE
TadongLower_90,8.3,720,7.2,22.8,UNSAFE
SombariaTown_91,7.2,330,3.4,18.3,SAFE
SombariaHill_92,6.8,515,5.3,17.6,UNSAFE
OkhreyUpper_93,7.5,290,2.8,16.4,SAFE
OkhreyLower_94,8.1,695,6.7,17.2,UNSAFE
KalukUpper_95,7.3,315,3.1,15.7,SAFE
KalukLower_96,6.9,520,5.5,16.8,UNSAFE
RangrangTown_97,7.4,300,2.9,14.5,SAFE
RangrangValley_98,8.2,710,6.9,15.4,UNSAFE
SakhuUpper_99,7.1,340,3.3,20.3,SAFE
SakhuLower_100,6.7,545,5.7,21.2,UNSAFE
Chennai_1,7.3,320,3.1,29.4,SAFE
Coimbatore_2,8.4,710,6.9,27.8,UNSAFE
Madurai_3,7.1,350,3.5,30.1,SAFE
Salem_4,6.6,540,5.8,28.9,UNSAFE
Tiruchirappalli_5,7.4,305,2.9,29.7,SAFE
Erode_6,8.2,690,6.7,28.2,UNSAFE
Tirunelveli_7,7.2,330,3.3,30.4,SAFE
Vellore_8,6.8,520,5.5,29.1,UNSAFE
Thoothukudi_9,7.5,295,2.8,31.2,SAFE
Dindigul_10,8.3,720,7.2,28.7,UNSAFE
Thanjavur_11,7.3,315,3.2,29.8,SAFE
Ranipet_12,6.7,550,5.9,29.3,UNSAFE
Sivakasi_13,7.1,340,3.4,30.6,SAFE
Karur_14,8.1,705,6.8,28.5,UNSAFE
Udhagamandalam_15,7.4,290,2.7,19.4,SAFE
Cuddalore_16,6.9,525,5.6,30.2,UNSAFE
Kanchipuram_17,7.2,310,3.0,29.5,SAFE
Nagercoil_18,8.4,715,7.0,28.8,UNSAFE
Nagapattinam_19,7.5,300,2.9,30.0,SAFE
Villupuram_20,6.6,545,5.7,29.6,UNSAFE
Tiruppur_21,7.3,320,3.3,28.4,SAFE
Namakkal_22,8.2,700,6.9,28.0,UNSAFE
Krishnagiri_23,7.0,345,3.5,27.9,SAFE
Dharmapuri_24,6.8,530,5.4,28.3,UNSAFE
Theni_25,7.4,295,2.8,29.2,SAFE
Ariyalur_26,8.3,725,7.1,29.7,UNSAFE
Perambalur_27,7.2,315,3.1,29.0,SAFE
Pudukkottai_28,6.7,555,5.8,30.3,UNSAFE
Ramanathapuram_29,7.3,330,3.2,31.0,SAFE
Virudhunagar_30,8.1,690,6.6,30.7,UNSAFE
Tenkasi_31,7.5,290,2.7,30.5,SAFE
Kanyakumari_32,6.9,520,5.6,28.6,UNSAFE
Tiruvallur_33,7.1,340,3.4,29.4,SAFE
Tiruvannamalai_34,8.4,710,7.2,29.8,UNSAFE
Kallakurichi_35,7.2,305,2.9,28.9,SAFE
Mayiladuthurai_36,6.8,540,5.5,30.1,UNSAFE
Chengalpattu_37,7.3,320,3.1,29.3,SAFE
Adyar_38,8.2,705,6.9,30.0,UNSAFE
Ambattur_39,7.4,295,2.8,29.6,SAFE
Avadi_40,6.6,550,5.7,29.9,UNSAFE
Tambaram_41,7.1,335,3.3,29.8,SAFE
Velachery_42,8.3,715,7.1,30.2,UNSAFE
Guindy_43,7.2,310,3.0,30.3,SAFE
Porur_44,6.9,525,5.4,29.7,UNSAFE
AnnaNagar_45,7.5,300,2.9,29.9,SAFE
Tondiarpet_46,8.1,690,6.8,30.6,UNSAFE
Chrompet_47,7.3,320,3.2,29.4,SAFE
Pallavaram_48,6.7,545,5.8,29.5,UNSAFE
Perambur_49,7.4,290,2.7,29.8,SAFE
Royapuram_50,8.4,720,7.2,30.4,UNSAFE
Mylapore_51,7.1,345,3.5,30.1,SAFE
Kodambakkam_52,6.8,530,5.6,30.2,UNSAFE
Saidapet_53,7.3,315,3.1,29.9,SAFE
Egmore_54,8.2,705,6.9,30.0,UNSAFE
AshokNagar_55,7.2,305,3.0,29.6,SAFE
BesantNagar_56,6.9,520,5.5,30.3,UNSAFE
ECR_57,7.5,295,2.8,30.7,SAFE
OMR_58,8.3,710,7.0,30.9,UNSAFE
Sholinganallur_59,7.1,340,3.4,30.5,SAFE
Navalur_60,6.7,550,5.8,30.6,UNSAFE
Siruseri_61,7.4,300,2.9,30.2,SAFE
Kelambakkam_62,8.1,695,6.7,30.8,UNSAFE
Guduvancheri_63,7.3,315,3.2,29.4,SAFE
MaraimalaiNagar_64,6.8,540,5.6,29.7,UNSAFE
Sriperumbudur_65,7.5,290,2.7,29.3,SAFE
Oragadam_66,8.4,725,7.2,29.8,UNSAFE
Walajabad_67,7.2,320,3.1,29.0,SAFE
Arakkonam_68,6.6,545,5.7,28.8,UNSAFE
Sholingur_69,7.4,305,3.0,28.6,SAFE
Katpadi_70,8.2,705,6.8,28.9,UNSAFE
Gudiyatham_71,7.1,335,3.3,28.7,SAFE
Arcot_72,6.9,525,5.4,29.1,UNSAFE
Melvisharam_73,7.3,315,3.2,29.2,SAFE
Ambur_74,8.3,710,7.0,28.8,UNSAFE
Vaniyambadi_75,7.5,295,2.8,28.9,SAFE
Hosur_76,6.7,555,5.9,27.4,UNSAFE
Denkanikottai_77,7.2,330,3.3,27.1,SAFE
Harur_78,8.1,690,6.6,27.9,UNSAFE
Mettur_79,7.4,300,2.9,28.3,SAFE
Attur_80,6.8,530,5.5,28.6,UNSAFE
Sankarankoil_81,7.3,320,3.1,30.5,SAFE
Rajapalayam_82,8.4,715,7.1,30.7,UNSAFE
Srivilliputhur_83,7.1,340,3.4,30.1,SAFE
Sattur_84,6.9,520,5.4,30.2,UNSAFE
Aruppukkottai_85,7.5,295,2.7,30.8,SAFE
Paramakudi_86,8.2,705,6.9,31.0,UNSAFE
Rameswaram_87,7.4,290,2.8,31.4,SAFE
Manamadurai_88,6.7,545,5.8,30.6,UNSAFE
Karaikudi_89,7.2,315,3.2,30.0,SAFE
Devakottai_90,8.3,720,7.2,30.3,UNSAFE
Kumbakonam_91,7.3,320,3.1,29.5,SAFE
Papanasam_92,6.8,540,5.6,29.7,UNSAFE
Tiruvarur_93,7.4,305,2.9,29.8,SAFE
Mannargudi_94,8.1,690,6.8,30.2,UNSAFE
Sirkazhi_95,7.5,295,2.7,30.4,SAFE
Chidambaram_96,6.9,525,5.5,30.1,UNSAFE
Panruti_97,7.2,330,3.3,29.6,SAFE
Neyveli_98,8.4,710,7.0,30.3,UNSAFE
Vriddhachalam_99,7.1,345,3.4,29.2,SAFE
Ulundurpet_100,6.6,550,5.9,29.4,UNSAFE
Hyderabad_1,7.4,310,3.0,29.8,SAFE
Warangal_2,8.3,710,6.9,30.4,UNSAFE
Karimnagar_3,7.2,335,3.3,30.1,SAFE
Nizamabad_4,6.8,540,5.6,29.6,UNSAFE
Khammam_5,7.5,295,2.8,30.2,SAFE
Mahbubnagar_6,8.1,695,6.7,31.0,UNSAFE
Ramagundam_7,7.3,320,3.2,30.8,SAFE
Adilabad_8,6.7,550,5.8,28.9,UNSAFE
Siddipet_9,7.1,345,3.4,29.7,SAFE
Suryapet_10,8.4,720,7.1,30.5,UNSAFE
Miryalaguda_11,7.4,305,2.9,30.3,SAFE
Jagtial_12,6.9,525,5.5,29.9,UNSAFE
Mancherial_13,7.2,330,3.3,30.1,SAFE
Nalgonda_14,8.2,705,6.8,30.6,UNSAFE
Medak_15,7.3,315,3.1,29.4,SAFE
Sangareddy_16,6.6,545,5.7,29.2,UNSAFE
Vikarabad_17,7.5,290,2.7,28.8,SAFE
Kamareddy_18,8.3,715,7.0,29.7,UNSAFE
Wanaparthy_19,7.1,340,3.4,30.0,SAFE
Nagarkurnool_20,6.8,520,5.4,30.5,UNSAFE
Bhupalpally_21,7.4,300,2.9,29.3,SAFE
Asifabad_22,8.1,690,6.6,28.7,UNSAFE
Bhongir_23,7.2,325,3.2,30.2,SAFE
Medchal_24,6.9,535,5.6,29.8,UNSAFE
Shamshabad_25,7.5,295,2.8,30.6,SAFE
Gachibowli_26,8.4,710,7.2,29.9,UNSAFE
HitechCity_27,7.3,310,3.0,29.7,SAFE
Madhapur_28,6.7,555,5.9,30.1,UNSAFE
Kukatpally_29,7.4,305,3.1,30.0,SAFE
Secunderabad_30,8.2,700,6.8,29.8,UNSAFE
Begumpet_31,7.2,335,3.3,29.6,SAFE
Ameerpet_32,6.8,540,5.5,29.9,UNSAFE
BanjaraHills_33,7.5,290,2.7,29.7,SAFE
JubileeHills_34,8.3,720,7.1,29.5,UNSAFE
Tarnaka_35,7.1,345,3.4,30.1,SAFE
Uppal_36,6.6,545,5.8,30.3,UNSAFE
LBnagar_37,7.3,320,3.2,30.4,SAFE
Dilsukhnagar_38,8.1,695,6.7,30.2,UNSAFE
Hayathnagar_39,7.4,300,2.9,30.6,SAFE
Patancheru_40,6.9,525,5.6,29.4,UNSAFE
Lingampally_41,7.2,330,3.3,29.3,SAFE
Serilingampally_42,8.4,715,7.0,29.7,UNSAFE
Boduppal_43,7.5,295,2.8,30.0,SAFE
Peerzadiguda_44,6.7,550,5.7,30.1,UNSAFE
Nagole_45,7.3,315,3.1,30.2,SAFE
Malakpet_46,8.2,705,6.9,30.3,UNSAFE
CharminarArea_47,7.1,340,3.4,30.5,SAFE
Mehdipatnam_48,6.8,530,5.4,29.8,UNSAFE
Tolichowki_49,7.4,305,3.0,29.9,SAFE
Rajendranagar_50,8.3,720,7.2,30.1,UNSAFE
Chevella_51,7.2,325,3.2,28.9,SAFE
Tandur_52,6.9,540,5.5,29.1,UNSAFE
Kodangal_53,7.5,290,2.7,29.3,SAFE
Parigi_54,8.1,690,6.6,29.6,UNSAFE
Shadnagar_55,7.3,315,3.1,30.4,SAFE
Kalwakurthy_56,6.7,555,5.9,30.7,UNSAFE
Achampet_57,7.4,300,2.9,30.6,SAFE
Devarakonda_58,8.4,710,7.1,30.8,UNSAFE
Huzurnagar_59,7.1,335,3.3,30.2,SAFE
Kodad_60,6.8,520,5.4,30.3,UNSAFE
Jangaon_61,7.5,295,2.8,29.9,SAFE
Ghanpur_62,8.2,705,6.8,30.0,UNSAFE
Parkal_63,7.3,320,3.2,30.1,SAFE
Mulugu_64,6.6,545,5.7,29.7,UNSAFE
Mahadevpur_65,7.4,305,3.0,29.5,SAFE
Luxettipet_66,8.3,715,7.0,29.3,UNSAFE
Bellampalli_67,7.2,330,3.3,29.8,SAFE
Kagaznagar_68,6.9,525,5.6,29.4,UNSAFE
Sirpur_69,7.5,290,2.7,29.2,SAFE
Chennur_70,8.1,695,6.7,29.0,UNSAFE
Metpally_71,7.3,315,3.1,30.1,SAFE
Koratla_72,6.8,540,5.5,30.2,UNSAFE
Peddapalli_73,7.4,300,2.9,30.3,SAFE
Godavarikhani_74,8.4,720,7.2,30.6,UNSAFE
Husnabad_75,7.1,345,3.4,29.8,SAFE
Gajwel_76,6.7,550,5.8,29.7,UNSAFE
Dubbak_77,7.5,295,2.8,29.6,SAFE
Zaheerabad_78,8.2,705,6.9,29.4,UNSAFE
Narayankhed_79,7.3,320,3.2,29.2,SAFE
Andole_80,6.9,530,5.4,29.0,UNSAFE
Jogipet_81,7.4,305,3.0,29.3,SAFE
Sadasivpet_82,8.3,715,7.1,29.5,UNSAFE
Narayanpet_83,7.2,330,3.3,30.2,SAFE
Makthal_84,6.6,545,5.7,30.3,UNSAFE
Gadwal_85,7.5,290,2.7,30.4,SAFE
Alampur_86,8.1,690,6.6,30.6,UNSAFE
Kothagudem_87,7.3,315,3.1,30.0,SAFE
Yellandu_88,6.8,540,5.5,30.1,UNSAFE
Palvoncha_89,7.4,300,2.9,30.3,SAFE
Bhadrachalam_90,8.4,720,7.2,30.8,UNSAFE
Manuguru_91,7.1,340,3.4,30.6,SAFE
Pinapaka_92,6.7,555,5.9,30.7,UNSAFE
Wyra_93,7.5,295,2.8,30.2,SAFE
Sathupalli_94,8.2,705,6.9,30.4,UNSAFE
Kallur_95,7.3,320,3.2,30.1,SAFE
Madhira_96,6.9,525,5.6,30.0,UNSAFE
Bonakal_97,7.4,305,3.0,30.3,SAFE
Thirumalagiri_98,8.3,710,7.1,29.8,UNSAFE
Choutuppal_99,7.2,330,3.3,29.9,SAFE
Pochampally_100,6.8,540,5.5,30.2,UNSAFE
Agartala_1,7.4,305,3.0,28.4,SAFE
Udaipur_2,8.3,710,6.9,29.2,UNSAFE
Dharmanagar_3,7.2,330,3.3,27.8,SAFE
Kailasahar_4,6.8,540,5.6,27.5,UNSAFE
Belonia_5,7.5,295,2.8,28.6,SAFE
Ambassa_6,8.1,690,6.7,27.9,UNSAFE
Khowai_7,7.3,320,3.2,28.1,SAFE
Sonamura_8,6.7,550,5.8,28.3,UNSAFE
Melaghar_9,7.1,345,3.4,28.7,SAFE
Ranirbazar_10,8.4,720,7.1,28.9,UNSAFE
Bishalgarh_11,7.4,300,2.9,28.0,SAFE
Sabroom_12,6.9,525,5.5,29.1,UNSAFE
Kumarghat_13,7.2,335,3.3,27.6,SAFE
Panisagar_14,8.2,705,6.8,27.4,UNSAFE
Jirania_15,7.3,315,3.1,28.2,SAFE
Teliamura_16,6.6,545,5.7,28.5,UNSAFE
Mohanpur_17,7.5,290,2.7,27.9,SAFE
Amarpur_18,8.3,715,7.0,28.6,UNSAFE
Kamalpur_19,7.1,340,3.4,27.8,SAFE
Boxanagar_20,6.8,520,5.4,28.3,UNSAFE
Kadamtala_21,7.4,305,3.0,27.5,SAFE
Kanchanpur_22,8.1,695,6.6,26.9,UNSAFE
Longtharai_23,7.2,330,3.2,27.1,SAFE
Santirbazar_24,6.9,535,5.6,28.8,UNSAFE
Manubazar_25,7.5,295,2.8,28.9,SAFE
Gandacherra_26,8.4,710,7.2,27.3,UNSAFE
Chailengta_27,7.3,310,3.0,27.0,SAFE
Pecharthal_28,6.7,555,5.9,27.6,UNSAFE
Fatikroy_29,7.4,300,2.9,27.8,SAFE
Chandipur_30,8.2,700,6.8,27.7,UNSAFE
Rajnagar_31,7.2,335,3.3,28.4,SAFE
Birganj_32,6.8,540,5.5,28.6,UNSAFE
Hrishyamukh_33,7.5,290,2.7,29.0,SAFE
Jolaibari_34,8.3,720,7.1,29.3,UNSAFE
Baikhora_35,7.1,345,3.4,28.7,SAFE
Karbook_36,6.6,545,5.8,28.2,UNSAFE
Ompi_37,7.3,320,3.2,27.5,SAFE
Dumburnagar_38,8.1,690,6.7,27.9,UNSAFE
Hezamara_39,7.4,305,3.0,28.1,SAFE
Mandai_40,6.9,525,5.6,28.3,UNSAFE
Bamutia_41,7.2,330,3.3,28.0,SAFE
Dukli_42,8.4,715,7.0,28.4,UNSAFE
OldAgartala_43,7.5,295,2.8,28.6,SAFE
Narsingarh_44,6.7,550,5.7,28.8,UNSAFE
Amtali_45,7.3,315,3.1,28.2,SAFE
Lefunga_46,8.2,705,6.9,27.9,UNSAFE
Jampuijala_47,7.1,340,3.4,27.6,SAFE
MelagharNorth_48,6.8,530,5.4,28.7,UNSAFE
MelagharSouth_49,7.4,300,2.9,28.9,SAFE
SonamuraEast_50,8.3,710,7.1,28.5,UNSAFE
SonamuraWest_51,7.2,325,3.2,28.4,SAFE
KhowaiNorth_52,6.9,540,5.6,28.1,UNSAFE
KhowaiSouth_53,7.5,290,2.7,28.0,SAFE
AmbassaTown_54,8.1,695,6.6,27.7,UNSAFE
AmbassaValley_55,7.3,320,3.0,27.6,SAFE
KailasaharNorth_56,6.7,555,5.8,27.3,UNSAFE
KailasaharSouth_57,7.4,305,3.1,27.2,SAFE
DharmanagarEast_58,8.4,720,7.2,27.8,UNSAFE
DharmanagarWest_59,7.2,330,3.3,27.9,SAFE
BeloniaTown_60,6.8,520,5.4,28.6,UNSAFE
BeloniaValley_61,7.5,295,2.8,28.7,SAFE
UdaipurNorth_62,8.3,715,7.0,29.0,UNSAFE
UdaipurSouth_63,7.1,345,3.4,29.1,SAFE
SabroomTown_64,6.6,545,5.7,29.4,UNSAFE
SabroomValley_65,7.3,315,3.1,29.5,SAFE
BishalgarhEast_66,8.2,705,6.9,28.3,UNSAFE
BishalgarhWest_67,7.4,300,2.9,28.2,SAFE
RanirbazarNorth_68,6.9,525,5.6,28.6,UNSAFE
RanirbazarSouth_69,7.2,335,3.3,28.7,SAFE
TeliamuraEast_70,8.1,690,6.7,28.4,UNSAFE
TeliamuraWest_71,7.5,290,2.7,28.5,SAFE
JiraniaNorth_72,6.7,550,5.8,28.0,UNSAFE
JiraniaSouth_73,7.3,320,3.2,28.1,SAFE
KumarghatTown_74,8.4,710,7.1,27.5,UNSAFE
KumarghatValley_75,7.1,340,3.4,27.6,SAFE
PanisagarTown_76,6.8,530,5.4,27.3,UNSAFE
PanisagarValley_77,7.4,305,3.0,27.4,SAFE
KanchanpurTown_78,8.3,720,7.2,26.8,UNSAFE
KanchanpurValley_79,7.2,330,3.3,26.9,SAFE
SantirbazarTown_80,6.9,540,5.5,28.8,UNSAFE
SantirbazarValley_81,7.5,295,2.8,28.9,SAFE
GandacherraTown_82,8.1,695,6.6,27.2,UNSAFE
GandacherraValley_83,7.3,315,3.1,27.3,SAFE
ChailengtaTown_84,6.6,545,5.7,27.0,UNSAFE
ChailengtaValley_85,7.4,300,2.9,27.1,SAFE
PecharthalTown_86,8.2,705,6.9,27.6,UNSAFE
PecharthalValley_87,7.1,345,3.4,27.7,SAFE
FatikroyTown_88,6.8,520,5.4,27.9,UNSAFE
FatikroyValley_89,7.5,290,2.7,28.0,SAFE
ChandipurTown_90,8.3,715,7.0,27.8,UNSAFE
ChandipurValley_91,7.2,330,3.3,27.7,SAFE
RajnagarTown_92,6.7,550,5.8,28.3,UNSAFE
RajnagarValley_93,7.3,320,3.2,28.4,SAFE
BirganjTown_94,8.4,720,7.2,28.6,UNSAFE
BirganjValley_95,7.4,305,3.0,28.7,SAFE
HrishyamukhTown_96,6.9,525,5.6,29.1,UNSAFE
HrishyamukhValley_97,7.5,295,2.8,29.2,SAFE
JolaibariTown_98,8.1,690,6.7,29.4,UNSAFE
JolaibariValley_99,7.2,335,3.3,29.5,SAFE
BaikhoraTown_100,6.8,540,5.5,28.8,UNSAFE
Lucknow_1,7.3,320,3.1,28.9,SAFE
Kanpur_2,8.4,710,6.9,30.2,UNSAFE
Varanasi_3,7.1,345,3.4,29.7,SAFE
Agra_4,6.8,540,5.6,30.4,UNSAFE
Prayagraj_5,7.4,305,2.9,29.5,SAFE
Ghaziabad_6,8.2,700,6.8,30.1,UNSAFE
Noida_7,7.2,330,3.3,29.8,SAFE
Meerut_8,6.7,550,5.8,29.9,UNSAFE
Bareilly_9,7.5,295,2.8,28.7,SAFE
Aligarh_10,8.3,720,7.2,29.4,UNSAFE
Moradabad_11,7.3,315,3.2,29.6,SAFE
Saharanpur_12,6.9,525,5.5,28.8,UNSAFE
Gorakhpur_13,7.4,300,2.9,29.2,SAFE
Jhansi_14,8.1,690,6.6,30.6,UNSAFE
Muzaffarnagar_15,7.1,340,3.4,29.1,SAFE
Mathura_16,6.6,545,5.7,30.0,UNSAFE
Rampur_17,7.5,290,2.7,29.3,SAFE
Shahjahanpur_18,8.4,715,7.0,29.7,UNSAFE
Firozabad_19,7.2,325,3.2,30.3,SAFE
Etawah_20,6.8,520,5.4,30.1,UNSAFE
Mirzapur_21,7.3,320,3.1,29.5,SAFE
Bulandshahr_22,8.2,705,6.9,29.8,UNSAFE
Budaun_23,7.4,305,3.0,29.6,SAFE
Amroha_24,6.7,555,5.9,29.4,UNSAFE
Hardoi_25,7.1,335,3.3,29.2,SAFE
Fatehpur_26,8.3,710,7.1,30.2,UNSAFE
Raebareli_27,7.5,295,2.8,29.7,SAFE
Unnao_28,6.9,530,5.4,29.8,UNSAFE
Sitapur_29,7.2,330,3.2,28.9,SAFE
Lakhimpur_30,8.1,695,6.7,29.0,UNSAFE
Bahraich_31,7.3,315,3.1,28.7,SAFE
Gonda_32,6.6,545,5.8,29.1,UNSAFE
Balrampur_33,7.4,300,2.9,28.8,SAFE
Barabanki_34,8.4,720,7.2,29.6,UNSAFE
Faizabad_35,7.2,325,3.3,29.4,SAFE
Ayodhya_36,6.8,540,5.5,29.3,UNSAFE
Sultanpur_37,7.3,320,3.2,29.5,SAFE
Pratapgarh_38,8.2,705,6.8,30.0,UNSAFE
Jaunpur_39,7.5,290,2.7,29.8,SAFE
Azamgarh_40,6.9,525,5.6,29.9,UNSAFE
Ballia_41,7.1,345,3.4,30.1,SAFE
Deoria_42,8.3,715,7.0,29.7,UNSAFE
Kushinagar_43,7.2,330,3.3,29.3,SAFE
Mau_44,6.7,550,5.7,29.6,UNSAFE
Basti_45,7.4,305,3.0,28.9,SAFE
SantKabirNagar_46,8.1,690,6.6,29.1,UNSAFE
SiddharthNagar_47,7.3,315,3.1,28.7,SAFE
Chandauli_48,6.8,530,5.4,29.2,UNSAFE
Sonbhadra_49,7.5,295,2.8,30.3,SAFE
Banda_50,8.4,710,7.1,30.6,UNSAFE
Hamirpur_51,7.2,325,3.2,30.4,SAFE
Mahoba_52,6.9,520,5.5,30.5,UNSAFE
Chitrakoot_53,7.3,320,3.1,30.1,SAFE
Kasganj_54,8.2,705,6.8,29.8,UNSAFE
Hathras_55,7.4,305,2.9,29.7,SAFE
Mainpuri_56,6.6,545,5.8,29.9,UNSAFE
Etah_57,7.1,340,3.4,29.6,SAFE
Pilibhit_58,8.3,720,7.2,28.8,UNSAFE
Shamli_59,7.5,290,2.7,29.2,SAFE
Baghpat_60,6.8,540,5.6,29.3,UNSAFE
Hapur_61,7.3,315,3.1,29.4,SAFE
Sambhal_62,8.1,695,6.7,29.5,UNSAFE
Amethi_63,7.2,330,3.2,29.1,SAFE
Kannauj_64,6.9,525,5.5,29.8,UNSAFE
Auraiya_65,7.4,300,2.9,30.0,SAFE
Farrukhabad_66,8.4,710,7.1,29.9,UNSAFE
Shrawasti_67,7.3,320,3.1,28.7,SAFE
Kaushambi_68,6.7,550,5.7,29.3,UNSAFE
Lalitpur_69,7.5,295,2.8,30.5,SAFE
Obra_70,8.2,705,6.8,30.8,UNSAFE
Renukoot_71,7.1,345,3.4,30.7,SAFE
Gajraula_72,6.8,530,5.4,29.6,UNSAFE
Tanda_73,7.4,305,3.0,29.2,SAFE
Akbarpur_74,8.3,715,7.0,29.5,UNSAFE
Pukhrayan_75,7.2,330,3.3,29.4,SAFE
Tilhar_76,6.9,520,5.5,29.1,UNSAFE
Powayan_77,7.3,320,3.1,29.0,SAFE
Nagina_78,8.1,690,6.6,29.7,UNSAFE
Najibabad_79,7.5,290,2.7,29.3,SAFE
Bijnor_80,6.6,545,5.8,29.5,UNSAFE
Deoband_81,7.4,300,2.9,29.6,SAFE
Gangoh_82,8.4,720,7.2,29.4,UNSAFE
Kairana_83,7.2,325,3.2,29.8,SAFE
Sikandrabad_84,6.8,540,5.6,29.9,UNSAFE
Dadri_85,7.3,315,3.1,29.5,SAFE
GreaterNoida_86,8.2,705,6.9,29.7,UNSAFE
Modinagar_87,7.4,305,3.0,29.8,SAFE
Muradnagar_88,6.9,525,5.4,29.6,UNSAFE
PilibhitTown_89,7.5,295,2.8,28.9,SAFE
Bisalpur_90,8.3,710,7.1,29.2,UNSAFE
Kunda_91,7.1,340,3.4,29.7,SAFE
Salon_92,6.7,550,5.8,29.5,UNSAFE
Jais_93,7.3,320,3.2,29.4,SAFE
Zaidpur_94,8.1,695,6.7,29.3,UNSAFE
Rudauli_95,7.4,300,2.9,29.2,SAFE
Tulsipur_96,6.8,540,5.5,29.1,UNSAFE
Nautanwa_97,7.2,330,3.3,29.0,SAFE
Padrauna_98,8.4,720,7.2,29.6,UNSAFE
Salempur_99,7.3,315,3.1,29.7,SAFE
Lar_100,6.9,525,5.6,29.5,UNSAFE
Dehradun_1,7.4,300,2.9,22.4,SAFE
Haridwar_2,8.3,710,6.9,25.8,UNSAFE
Roorkee_3,7.2,330,3.3,24.6,SAFE
Rishikesh_4,6.8,540,5.6,23.9,UNSAFE
Haldwani_5,7.5,295,2.8,26.1,SAFE
Nainital_6,8.1,690,6.7,18.3,UNSAFE
Rudrapur_7,7.3,320,3.1,25.7,SAFE
Kashipur_8,6.7,550,5.8,26.2,UNSAFE
Almora_9,7.4,305,3.0,19.4,SAFE
Pithoragarh_10,8.4,720,7.2,17.9,UNSAFE
Bageshwar_11,7.1,345,3.4,18.7,SAFE
Champawat_12,6.9,525,5.5,19.3,UNSAFE
Tehri_13,7.2,330,3.2,20.6,SAFE
Srinagar_14,8.2,705,6.8,21.1,UNSAFE
Kotdwar_15,7.5,290,2.7,24.8,SAFE
Pauri_16,6.6,545,5.7,20.3,UNSAFE
Mussoorie_17,7.3,315,3.1,16.8,SAFE
Karnaprayag_18,8.3,715,7.0,19.7,UNSAFE
Joshimath_19,7.4,300,2.9,14.5,SAFE
Badrinath_20,6.8,540,5.4,10.8,UNSAFE
Kedarnath_21,7.5,295,2.8,9.2,SAFE
Ranikhet_22,8.1,695,6.6,17.4,UNSAFE
Lansdowne_23,7.2,325,3.3,18.9,SAFE
Dwarahat_24,6.9,530,5.5,19.2,UNSAFE
Jaspur_25,7.3,320,3.2,25.9,SAFE
Bazpur_26,8.4,710,7.1,26.3,UNSAFE
Sitarganj_27,7.1,340,3.4,26.0,SAFE
Khatima_28,6.7,550,5.8,26.4,UNSAFE
Tanakpur_29,7.4,305,3.0,25.7,SAFE
Lohaghat_30,8.2,705,6.9,18.6,UNSAFE
Didihat_31,7.5,290,2.7,17.8,SAFE
Munsiyari_32,6.8,520,5.4,15.2,UNSAFE
Gangotri_33,7.3,315,3.1,8.9,SAFE
Yamunotri_34,8.3,720,7.2,9.4,UNSAFE
Uttarkashi_35,7.2,330,3.3,21.7,SAFE
Barkot_36,6.9,525,5.6,20.4,UNSAFE
Chinyalisaur_37,7.4,300,2.9,22.1,SAFE
Purola_38,8.1,690,6.7,19.8,UNSAFE
Mori_39,7.3,320,3.2,18.7,SAFE
Vikasnagar_40,6.6,545,5.7,24.3,UNSAFE
Herbertpur_41,7.5,295,2.8,24.6,SAFE
Doiwala_42,8.4,710,7.1,23.7,UNSAFE
Raiwala_43,7.2,325,3.2,24.1,SAFE
Bhagwanpur_44,6.8,540,5.5,25.3,UNSAFE
Manglaur_45,7.3,315,3.1,25.6,SAFE
Laksar_46,8.2,705,6.9,26.0,UNSAFE
Narendranagar_47,7.4,305,3.0,22.6,SAFE
Devprayag_48,6.9,530,5.4,21.8,UNSAFE
Rudraprayag_49,7.5,290,2.7,20.2,SAFE
Agastyamuni_50,8.3,720,7.2,21.4,UNSAFE
Guptkashi_51,7.1,345,3.4,19.6,SAFE
Ukhimath_52,6.7,550,5.8,18.4,UNSAFE
Gopeshwar_53,7.3,320,3.2,19.9,SAFE
Chamoli_54,8.1,695,6.6,20.7,UNSAFE
Nandaprayag_55,7.4,300,2.9,21.0,SAFE
Pandukeshwar_56,6.8,540,5.6,17.5,UNSAFE
Bhowali_57,7.2,330,3.3,18.3,SAFE
Bhimtal_58,8.4,710,7.1,19.1,UNSAFE
Naukuchiatal_59,7.5,295,2.8,18.9,SAFE
Mukteshwar_60,6.9,525,5.5,17.2,UNSAFE
Ramgarh_61,7.3,315,3.1,18.0,SAFE
Someshwar_62,8.2,705,6.8,19.6,UNSAFE
Takula_63,7.4,305,3.0,18.7,SAFE
Garur_64,6.6,545,5.7,19.2,UNSAFE
Kapkot_65,7.5,290,2.7,18.5,SAFE
Baijnath_66,8.3,720,7.2,19.8,UNSAFE
Berinag_67,7.2,325,3.2,18.6,SAFE
Gangolihat_68,6.8,540,5.5,17.9,UNSAFE
Dharchula_69,7.3,320,3.1,16.8,SAFE
Askot_70,8.1,690,6.7,16.5,UNSAFE
Chaukori_71,7.4,300,2.9,17.4,SAFE
Jageshwar_72,6.9,530,5.4,18.1,UNSAFE
Salt_73,7.5,295,2.8,19.0,SAFE
Syalde_74,8.4,710,7.1,19.5,UNSAFE
Chaukhutia_75,7.1,345,3.4,19.7,SAFE
Bhikiyasain_76,6.7,550,5.8,20.0,UNSAFE
Marchula_77,7.3,315,3.2,19.4,SAFE
Kaladhungi_78,8.2,705,6.9,24.2,UNSAFE
Ramnagar_79,7.4,305,3.0,25.1,SAFE
Dhikuli_80,6.8,540,5.6,25.4,UNSAFE
Lalkuan_81,7.2,330,3.3,26.0,SAFE
Gadarpur_82,8.3,720,7.2,26.5,UNSAFE
Jhabrera_83,7.5,290,2.7,25.9,SAFE
BhagwanpurTown_84,6.9,525,5.5,25.7,UNSAFE
Iqbalpur_85,7.3,320,3.1,25.8,SAFE
Landhaura_86,8.1,695,6.6,26.1,UNSAFE
Narsan_87,7.4,300,2.9,25.6,SAFE
PiranKaliyar_88,6.6,545,5.7,25.3,UNSAFE
Kichha_89,7.5,295,2.8,26.2,SAFE
Nanaksagar_90,8.4,710,7.1,26.4,UNSAFE
Gularbhoj_91,7.2,325,3.2,25.9,SAFE
Dineshpur_92,6.8,540,5.5,26.0,UNSAFE
BajpurTown_93,7.3,315,3.1,26.3,SAFE
Kelakhera_94,8.2,705,6.9,26.5,UNSAFE
Pantnagar_95,7.4,305,3.0,26.1,SAFE
Nagla_96,6.9,530,5.4,25.8,UNSAFE
Chorgalia_97,7.5,290,2.7,25.6,SAFE
Motahaldu_98,8.3,720,7.2,25.9,UNSAFE
Gaulapar_99,7.1,340,3.4,26.2,SAFE
Lohari_100,6.7,550,5.8,20.3,UNSAFE
